{
    "parent": "item/generated",
    "textures": {
        "layer0": "item/brick"
    },
	"overrides": [	
		{"predicate": {"custom_model_data":3522}, "model": "easter_pet_model/icon_blaze_chick"},
		{"predicate": {"custom_model_data":3523}, "model": "easter_pet_model/icon_bunny"},
		{"predicate": {"custom_model_data":3524}, "model": "easter_pet_model/icon_chick"},
		{"predicate": {"custom_model_data":3525}, "model": "easter_pet_model/icon_easter_egg_blue"},
		{"predicate": {"custom_model_data":3526}, "model": "easter_pet_model/icon_easter_egg_pink"},
		{"predicate": {"custom_model_data":3527}, "model": "easter_pet_model/icon_easter_egg_yellow"},
		{"predicate": {"custom_model_data":3528}, "model": "easter_pet_model/icon_killer_bunny"}
    ]
}