{"textures":{"0":"modelengine:entity/pet_bunny"},"elements":[{"from":[5.428571,5.7486143,4.863327],"to":[10.571428,10.891472,11.149042],"rotation":{"angle":0.0,"axis":"y","origin":[8.0,8.320043,8.006185]},"faces":{"east":{"uv":[0.0,0.0,2.75,2.25],"rotation":0,"texture":"#0","tintindex":0},"south":{"uv":[5.5,0.0,7.75,2.25],"rotation":0,"texture":"#0","tintindex":0},"north":{"uv":[0.0,5.0,2.25,7.25],"rotation":0,"texture":"#0","tintindex":0},"west":{"uv":[0.0,2.5,2.75,4.75],"rotation":0,"texture":"#0","tintindex":0},"up":{"uv":[5.25,2.75,3.0,0.0],"rotation":0,"texture":"#0","tintindex":0},"down":{"uv":[5.25,3.0,3.0,5.75],"rotation":0,"texture":"#0","tintindex":0}}},{"from":[5.428571,10.782728,5.410018],"to":[10.571428,13.639872,5.410018],"rotation":{"angle":22.5,"axis":"x","origin":[8.0,12.2113,5.410018]},"faces":{"east":{"uv":[8.5,11.5,8.5,12.75],"rotation":0,"texture":"#0","tintindex":0},"south":{"uv":[9.25,2.5,7.0,3.75],"rotation":0,"texture":"#0","tintindex":0},"north":{"uv":[7.0,2.5,9.25,3.75],"rotation":0,"texture":"#0","tintindex":0},"west":{"uv":[8.75,11.5,8.75,12.75],"rotation":0,"texture":"#0","tintindex":0},"up":{"uv":[13.75,8.75,11.5,8.75],"rotation":0,"texture":"#0","tintindex":0},"down":{"uv":[13.75,9.0,11.5,9.0],"rotation":0,"texture":"#0","tintindex":0}}},{"from":[4.8571424,5.7343283,4.2918987],"to":[11.142858,8.020043,6.0061846],"rotation":{"angle":0.0,"axis":"y","origin":[8.0,6.877186,5.149041]},"faces":{"east":{"uv":[9.5,9.0,10.25,10.0],"rotation":0,"texture":"#0","tintindex":0},"south":{"uv":[7.0,6.75,9.75,7.75],"rotation":0,"texture":"#0","tintindex":0},"north":{"uv":[7.0,5.5,9.75,6.5],"rotation":0,"texture":"#0","tintindex":0},"west":{"uv":[0.0,9.75,0.75,10.75],"rotation":0,"texture":"#0","tintindex":0},"up":{"uv":[8.25,8.75,5.5,8.0],"rotation":0,"texture":"#0","tintindex":0},"down":{"uv":[11.25,8.0,8.5,8.75],"rotation":0,"texture":"#0","tintindex":0}}},{"from":[4.8571424,3.4486141,4.2918987],"to":[11.142858,5.7343283,4.2918987],"rotation":{"angle":0.0,"axis":"y","origin":[8.0,4.5914717,4.2918987]},"faces":{"east":{"uv":[2.0,7.5,2.0,8.5],"rotation":0,"texture":"#0","tintindex":0},"south":{"uv":[10.75,0.0,8.0,1.0],"rotation":0,"texture":"#0","tintindex":0},"north":{"uv":[8.0,0.0,10.75,1.0],"rotation":0,"texture":"#0","tintindex":0},"west":{"uv":[2.25,7.5,2.25,8.5],"rotation":0,"texture":"#0","tintindex":0},"up":{"uv":[14.25,8.0,11.5,8.0],"rotation":0,"texture":"#0","tintindex":0},"down":{"uv":[14.25,8.25,11.5,8.25],"rotation":0,"texture":"#0","tintindex":0}}}],"display":{"head":{"translation":[0.0,-6.4,0.0],"scale":[4.0,4.0,4.0]}}}