{"textures":{"0":"modelengine:entity/pet_bunny"},"elements":[{"from":[7.142857,6.285714,7.142857],"to":[8.857143,8.0,8.857143],"rotation":{"angle":0.0,"axis":"y","origin":[8.0,7.142857,8.0]},"faces":{"east":{"uv":[8.75,10.5,8.0,11.25],"rotation":0,"texture":"#0","tintindex":0},"south":{"uv":[7.75,10.5,7.0,11.25],"rotation":0,"texture":"#0","tintindex":0},"north":{"uv":[6.75,10.25,6.0,11.0],"rotation":0,"texture":"#0","tintindex":0},"west":{"uv":[10.25,10.25,9.5,11.0],"rotation":0,"texture":"#0","tintindex":0},"up":{"uv":[10.5,9.75,11.25,9.0],"rotation":0,"texture":"#0","tintindex":0},"down":{"uv":[10.5,10.0,11.25,10.75],"rotation":0,"texture":"#0","tintindex":0}}}],"display":{"head":{"translation":[0.0,-6.4,0.0],"scale":[4.0,4.0,4.0]}}}