{"textures":{"0":"modelengine:entity/pet_bunny"},"elements":[{"from":[6.857143,6.285714,7.142857],"to":[9.142858,8.571428,10.0],"rotation":{"angle":45.0,"axis":"x","origin":[8.0,7.428571,8.571428]},"faces":{"east":{"uv":[4.0,8.75,5.25,9.75],"rotation":0,"texture":"#0","tintindex":0},"south":{"uv":[9.5,3.75,10.5,4.75],"rotation":0,"texture":"#0","tintindex":0},"north":{"uv":[9.5,2.5,10.5,3.5],"rotation":0,"texture":"#0","tintindex":0},"west":{"uv":[5.5,9.0,6.75,10.0],"rotation":0,"texture":"#0","tintindex":0},"up":{"uv":[8.0,10.25,7.0,9.0],"rotation":0,"texture":"#0","tintindex":0},"down":{"uv":[9.25,9.0,8.25,10.25],"rotation":0,"texture":"#0","tintindex":0}}}],"display":{"head":{"translation":[0.0,-6.4,0.0],"scale":[4.0,4.0,4.0]}}}