{"textures":{"0":"modelengine:entity/turkeybot_egg"},"elements":[{"from":[2.8571424,1.1428566,1.1428566],"to":[14.285715,14.857143,14.857143],"rotation":{"angle":0.0,"axis":"y","origin":[7.428571,1.1428566,6.285714]},"faces":{"east":{"uv":[0.0,0.0,3.0,3.0],"rotation":0,"texture":"#0","tintindex":0},"south":{"uv":[3.0,3.0,5.5,6.0],"rotation":0,"texture":"#0","tintindex":0},"north":{"uv":[3.0,0.0,5.5,3.0],"rotation":0,"texture":"#0","tintindex":0},"west":{"uv":[0.0,3.0,3.0,6.0],"rotation":0,"texture":"#0","tintindex":0},"up":{"uv":[8.0,3.0,5.5,0.0],"rotation":0,"texture":"#0","tintindex":0},"down":{"uv":[8.0,3.0,5.5,6.0],"rotation":0,"texture":"#0","tintindex":0}}},{"from":[-2.285715,2.8571424,2.8571424],"to":[2.8571424,13.142858,13.142858],"rotation":{"angle":0.0,"axis":"y","origin":[7.428571,1.1428566,6.285714]},"faces":{"east":{"uv":[0.0,6.0,2.25,8.25],"rotation":0,"texture":"#0","tintindex":0},"south":{"uv":[8.0,2.25,9.125,4.5],"rotation":0,"texture":"#0","tintindex":0},"north":{"uv":[8.0,0.0,9.125,2.25],"rotation":0,"texture":"#0","tintindex":0},"west":{"uv":[2.25,6.0,4.5,8.25],"rotation":0,"texture":"#0","tintindex":0},"up":{"uv":[5.625,10.25,4.5,8.0],"rotation":0,"texture":"#0","tintindex":0},"down":{"uv":[6.75,8.0,5.625,10.25],"rotation":0,"texture":"#0","tintindex":0}}},{"from":[14.285715,3.4285712,3.4285712],"to":[16.0,12.571428,12.571428],"rotation":{"angle":0.0,"axis":"y","origin":[7.428571,1.1428566,6.285714]},"faces":{"east":{"uv":[4.5,6.0,6.5,8.0],"rotation":0,"texture":"#0","tintindex":0},"south":{"uv":[7.125,8.0,7.5,10.0],"rotation":0,"texture":"#0","tintindex":0},"north":{"uv":[6.75,8.0,7.125,10.0],"rotation":0,"texture":"#0","tintindex":0},"west":{"uv":[6.5,6.0,8.5,8.0],"rotation":0,"texture":"#0","tintindex":0},"up":{"uv":[7.875,10.0,7.5,8.0],"rotation":0,"texture":"#0","tintindex":0},"down":{"uv":[8.25,8.0,7.875,10.0],"rotation":0,"texture":"#0","tintindex":0}}}],"display":{"head":{"translation":[0.0,-6.4,0.0],"scale":[4.0,4.0,4.0]}}}