{
	"texture_size": [64, 64],
	"textures": {
		"2": "akaleaf/adventurer_warhammers/gatekeeper_warhammer"
	},
	"elements": [
		{
			"from": [7.02, -8.88, 7.02],
			"to": [8.98, 11.08, 8.98],
			"rotation": {"angle": 0, "axis": "y", "origin": [8, 26.6, 7.5]},
			"faces": {
				"north": {"uv": [6.25, 7, 6.75, 12], "texture": "#2"},
				"east": {"uv": [6, 7, 6.5, 12], "texture": "#2"},
				"south": {"uv": [6.75, 7, 7.25, 12], "texture": "#2"},
				"west": {"uv": [6.5, 7, 7, 12], "texture": "#2"}
			}
		},
		{
			"from": [5.5, 21, 5.5],
			"to": [10.5, 26, 10.5],
			"rotation": {"angle": 0, "axis": "y", "origin": [8, 22.85, 8]},
			"faces": {
				"north": {"uv": [7.25, 3.25, 6, 4.5], "texture": "#2"},
				"east": {"uv": [7.25, 3.25, 7, 4.5], "texture": "#2"},
				"south": {"uv": [6, 3.25, 7.25, 4.5], "texture": "#2"},
				"west": {"uv": [6.25, 3.25, 6, 4.5], "texture": "#2"},
				"up": {"uv": [6, 3.25, 7.25, 3.5], "texture": "#2"},
				"down": {"uv": [6, 4.25, 7.25, 4.5], "texture": "#2"}
			}
		},
		{
			"from": [7, 26, 7],
			"to": [9, 28, 9],
			"rotation": {"angle": 0, "axis": "y", "origin": [8, 27.85, 8]},
			"faces": {
				"north": {"uv": [7, 2.75, 6.5, 3.25], "texture": "#2"},
				"east": {"uv": [7, 2.75, 6.75, 3.25], "texture": "#2"},
				"south": {"uv": [6.5, 2.75, 7, 3.25], "texture": "#2"},
				"west": {"uv": [6.75, 2.75, 6.5, 3.25], "texture": "#2"}
			}
		},
		{
			"from": [6.98, 27.48, 6.98],
			"to": [9.02, 29.52, 9.02],
			"rotation": {"angle": -45, "axis": "z", "origin": [8, 28.5, 8]},
			"faces": {
				"north": {"uv": [7, 2.25, 6.5, 2.75], "texture": "#2"},
				"east": {"uv": [7.25, 2.25, 7, 2.75], "texture": "#2"},
				"south": {"uv": [6.5, 2.25, 7, 2.75], "texture": "#2"},
				"west": {"uv": [6.75, 2.25, 6.5, 2.75], "texture": "#2"},
				"up": {"uv": [6.5, 2.25, 7, 2.5], "texture": "#2"},
				"down": {"uv": [6, 2.5, 6.5, 2.75], "texture": "#2"}
			}
		},
		{
			"from": [10.5, 22, 6.5],
			"to": [11.5, 25, 9.5],
			"rotation": {"angle": 0, "axis": "y", "origin": [14, 22.85, 8]},
			"faces": {
				"north": {"uv": [7.5, 3.5, 7.25, 4.25], "texture": "#2"},
				"south": {"uv": [7.25, 3.5, 7.5, 4.25], "texture": "#2"},
				"up": {"uv": [7.5, 3.5, 7.25, 3.75], "texture": "#2"},
				"down": {"uv": [7.5, 4, 7.25, 4.25], "texture": "#2"}
			}
		},
		{
			"from": [11.5, 20, 4.5],
			"to": [15.5, 27, 11.5],
			"rotation": {"angle": 0, "axis": "y", "origin": [16, 22.85, 8]},
			"faces": {
				"north": {"uv": [8.5, 3, 7.5, 4.75], "texture": "#2"},
				"east": {"uv": [10.25, 3, 8.5, 4.75], "texture": "#2"},
				"south": {"uv": [7.5, 3, 8.5, 4.75], "texture": "#2"},
				"west": {"uv": [12, 3, 10.25, 4.75], "texture": "#2"},
				"up": {"uv": [7.5, 3, 8.5, 3.25], "texture": "#2"},
				"down": {"uv": [10.25, 4.75, 9.25, 6.5], "texture": "#2"}
			}
		},
		{
			"from": [0.5, 20, 4.5],
			"to": [4.5, 27, 11.5],
			"rotation": {"angle": 0, "axis": "y", "origin": [0, 22.85, 8]},
			"faces": {
				"north": {"uv": [5.75, 3, 4.75, 4.75], "texture": "#2"},
				"east": {"uv": [3, 4.75, 4.75, 6.5], "texture": "#2"},
				"south": {"uv": [4.75, 3, 5.75, 4.75], "texture": "#2"},
				"west": {"uv": [4.75, 3, 3, 4.75], "texture": "#2"},
				"up": {"uv": [4.75, 3, 5.75, 3.25], "texture": "#2"},
				"down": {"uv": [4.75, 4.75, 5.75, 6.5], "texture": "#2"}
			}
		},
		{
			"from": [4.5, 22, 6.5],
			"to": [5.5, 25, 9.5],
			"rotation": {"angle": 0, "axis": "y", "origin": [2, 22.85, 8]},
			"faces": {
				"north": {"uv": [6, 3.5, 5.75, 4.25], "texture": "#2"},
				"south": {"uv": [5.75, 3.5, 6, 4.25], "texture": "#2"},
				"up": {"uv": [6, 3.5, 5.75, 3.75], "texture": "#2"},
				"down": {"uv": [6, 4, 5.75, 4.25], "texture": "#2"}
			}
		},
		{
			"from": [5.5, 18, 6.5],
			"to": [10.5, 21, 9.5],
			"rotation": {"angle": 0, "axis": "y", "origin": [8.5, 19.35, 8]},
			"faces": {
				"north": {"uv": [7.25, 4.5, 6, 5.25], "texture": "#2"},
				"east": {"uv": [8, 4.75, 7.25, 5.5], "texture": "#2"},
				"south": {"uv": [6, 4.5, 7.25, 5.25], "texture": "#2"},
				"west": {"uv": [6, 6.5, 5.25, 7.25], "texture": "#2"},
				"down": {"uv": [6, 5, 7.25, 5.25], "texture": "#2"}
			}
		},
		{
			"from": [6.5, -11.9, 6.5],
			"to": [9.5, -8.9, 9.5],
			"rotation": {"angle": 0, "axis": "y", "origin": [8, 23.6, 7.5]},
			"faces": {
				"north": {"uv": [6.25, 12, 7, 12.75], "texture": "#2"},
				"east": {"uv": [5.5, 12, 6.25, 12.75], "texture": "#2"},
				"south": {"uv": [7, 12, 6.25, 12.75], "texture": "#2"},
				"west": {"uv": [7.75, 12, 7, 12.75], "texture": "#2"},
				"up": {"uv": [7, 12.75, 6.25, 13.5], "texture": "#2"},
				"down": {"uv": [7, 12.5, 6.25, 12.75], "texture": "#2"}
			}
		},
		{
			"from": [6.5, 11, 6.5],
			"to": [9.5, 18, 9.5],
			"rotation": {"angle": 0, "axis": "y", "origin": [8, 50.6, 7.5]},
			"faces": {
				"north": {"uv": [7, 5.25, 6.25, 7], "texture": "#2"},
				"east": {"uv": [7.75, 5.5, 8.5, 7.25], "texture": "#2"},
				"south": {"uv": [6.25, 5.25, 7, 7], "texture": "#2"},
				"west": {"uv": [8.5, 5.5, 9.25, 7.25], "texture": "#2"},
				"down": {"uv": [7, 6.25, 7.75, 7], "texture": "#2"}
			}
		}
	],
	"gui_light": "front",
	"display": {
		"thirdperson_righthand": {
			"rotation": [-10, -90, 0],
			"translation": [0, -1.5, 2],
			"scale": [0.8, 0.8, 0.8]
		},
		"thirdperson_lefthand": {
			"rotation": [-10, 90, 0],
			"translation": [0, -1.5, 2],
			"scale": [0.8, 0.8, 0.8]
		},
		"firstperson_righthand": {
			"rotation": [21, -90, 0],
			"translation": [4, -3.75, -2.5],
			"scale": [0.6, 0.6, 0.6]
		},
		"firstperson_lefthand": {
			"rotation": [21, 90, 0],
			"translation": [4, -3.75, -2.5],
			"scale": [0.6, 0.6, 0.6]
		},
		"ground": {
			"rotation": [0, 0, -45],
			"translation": [0, 4, 0],
			"scale": [0.35, 0.35, 0.35]
		},
		"gui": {
			"rotation": [0, 0, -45],
			"translation": [-0.75, -0.75, 0],
			"scale": [0.475, 0.475, 0.475]
		},
		"head": {
			"rotation": [-45, -90, 0],
			"translation": [0.25, 7, -2.75],
			"scale": [0.6, 0.6, 0.6]
		},
		"fixed": {
			"rotation": [0, -180, -45],
			"translation": [1, -1, 0],
			"scale": [0.475, 0.475, 0.475]
		}
	},
	"groups": [
		{
			"name": "sword",
			"origin": [8, 8, 8],
			"color": 0,
			"children": [
				{
					"name": "pommel",
					"origin": [8, 8, 8],
					"color": 0,
					"children": []
				},
				{
					"name": "grip",
					"origin": [8, 8, 8],
					"color": 0,
					"children": [0, 1, 2, 3, 4, 5, 6, 7, 8, 9, 10]
				},
				{
					"name": "guard",
					"origin": [8, 8, 8],
					"color": 0,
					"children": [
						{
							"name": "cross-guard",
							"origin": [8, 8, 8],
							"color": 0,
							"children": []
						},
						{
							"name": "rain-guard",
							"origin": [8, 8, 8],
							"color": 0,
							"children": []
						}
					]
				},
				{
					"name": "blade",
					"origin": [8, 8, 8],
					"color": 0,
					"children": []
				}
			]
		}
	]
}