{
	"texture_size": [64, 64],
	"textures": {
		"2": "akaleaf/adventurer_warhammers/gladiator_warhammer"
	},
	"elements": [
		{
			"from": [7.02, -9.88, 7.02],
			"to": [8.98, 19.08, 8.98],
			"rotation": {"angle": 0, "axis": "y", "origin": [8, 26.6, 7.5]},
			"faces": {
				"north": {"uv": [11.25, 3.5, 11.75, 10.75], "texture": "#2"},
				"east": {"uv": [11.25, 3.5, 11.5, 10.75], "texture": "#2"},
				"south": {"uv": [11.75, 3.5, 11.25, 10.75], "texture": "#2"},
				"west": {"uv": [11.5, 3.5, 11.75, 10.75], "texture": "#2"}
			}
		},
		{
			"from": [5, 22.05, 5],
			"to": [11, 28.05, 11],
			"rotation": {"angle": 0, "axis": "y", "origin": [8, 24.05, 8]},
			"faces": {
				"north": {"uv": [10.75, 1.25, 12.25, 2.75], "texture": "#2"},
				"south": {"uv": [12.25, 1.25, 10.75, 2.75], "texture": "#2"},
				"up": {"uv": [11.25, 7.5, 9.75, 6], "texture": "#2"},
				"down": {"uv": [13.5, 2.75, 12, 4.25], "texture": "#2"}
			}
		},
		{
			"from": [0.78, 22.03, 4.98],
			"to": [6.82, 28.07, 11.02],
			"rotation": {"angle": 45, "axis": "z", "origin": [3.8, 25.05, 8]},
			"faces": {
				"north": {"uv": [12.25, 1.25, 13.75, 2.75], "texture": "#2"},
				"east": {"uv": [10.75, 2.75, 9.25, 4.25], "texture": "#2"},
				"south": {"uv": [13.75, 1.25, 12.25, 2.75], "texture": "#2"},
				"west": {"uv": [7.75, 4.25, 9.25, 5.75], "texture": "#2"},
				"up": {"uv": [9.25, 5.75, 10.75, 4.25], "texture": "#2"},
				"down": {"uv": [7.75, 2.75, 9.25, 4.25], "texture": "#2"}
			}
		},
		{
			"from": [9.16, 22.01, 4.96],
			"to": [15.24, 28.09, 11.04],
			"rotation": {"angle": -45, "axis": "z", "origin": [12.2, 25.05, 8]},
			"faces": {
				"north": {"uv": [9.25, 1.25, 10.75, 2.75], "texture": "#2"},
				"east": {"uv": [7.75, 4.25, 9.25, 5.75], "texture": "#2"},
				"south": {"uv": [10.75, 1.25, 9.25, 2.75], "texture": "#2"},
				"west": {"uv": [9.25, 2.75, 10.75, 4.25], "texture": "#2"},
				"up": {"uv": [10.75, 5.75, 9.25, 4.25], "texture": "#2"},
				"down": {"uv": [9.25, 2.75, 7.75, 4.25], "texture": "#2"}
			}
		},
		{
			"from": [6.5, -11.9, 6.5],
			"to": [9.5, -6.9, 9.5],
			"rotation": {"angle": 0, "axis": "y", "origin": [8, 23.6, 7.5]},
			"faces": {
				"north": {"uv": [11, 10.75, 11.75, 12], "texture": "#2"},
				"east": {"uv": [10.25, 10.75, 11, 12], "texture": "#2"},
				"south": {"uv": [11.75, 10.75, 11, 12], "texture": "#2"},
				"west": {"uv": [11.75, 10.75, 12.5, 12], "texture": "#2"},
				"up": {"uv": [10.25, 10, 11, 10.75], "texture": "#2"},
				"down": {"uv": [11, 12, 11.75, 12.75], "texture": "#2"}
			}
		},
		{
			"from": [6.5, 11.1, 6.5],
			"to": [9.5, 13.1, 9.5],
			"rotation": {"angle": 0, "axis": "y", "origin": [8, 12.1, 8]},
			"faces": {
				"north": {"uv": [11, 5, 11.75, 5.5], "texture": "#2"},
				"east": {"uv": [10.25, 9, 11, 9.5], "texture": "#2"},
				"south": {"uv": [11.75, 5, 11, 5.5], "texture": "#2"},
				"west": {"uv": [11.75, 5, 12.5, 5.5], "texture": "#2"},
				"up": {"uv": [12.75, 10, 12, 9.25], "texture": "#2"},
				"down": {"uv": [12.5, 5.5, 11.75, 6.25], "texture": "#2"}
			}
		},
		{
			"from": [6, 19.05, 6],
			"to": [10, 22.05, 10],
			"rotation": {"angle": 0, "axis": "y", "origin": [8, 53.8, 7.5]},
			"faces": {
				"north": {"uv": [11, 2.75, 12, 3.5], "texture": "#2"},
				"east": {"uv": [11, 2.75, 12, 3.5], "texture": "#2"},
				"south": {"uv": [11, 2.75, 12, 3.5], "texture": "#2"},
				"west": {"uv": [11, 2.75, 12, 3.5], "texture": "#2"},
				"down": {"uv": [11, 7.5, 10, 8.5], "texture": "#2"}
			}
		}
	],
	"gui_light": "front",
	"display": {
		"thirdperson_righthand": {
			"rotation": [-10, -90, 0],
			"translation": [0, -1.5, 2],
			"scale": [0.8, 0.8, 0.8]
		},
		"thirdperson_lefthand": {
			"rotation": [-10, 90, 0],
			"translation": [0, -1.5, 2],
			"scale": [0.8, 0.8, 0.8]
		},
		"firstperson_righthand": {
			"rotation": [21, -90, 0],
			"translation": [4, -4.75, -2.5],
			"scale": [0.6, 0.6, 0.6]
		},
		"firstperson_lefthand": {
			"rotation": [21, 90, 0],
			"translation": [4, -4.75, -2.5],
			"scale": [0.6, 0.6, 0.6]
		},
		"ground": {
			"rotation": [0, 0, -45],
			"translation": [0, 4, 0],
			"scale": [0.35, 0.35, 0.35]
		},
		"gui": {
			"rotation": [0, 0, -45],
			"translation": [-0.75, -0.75, 0],
			"scale": [0.475, 0.475, 0.475]
		},
		"head": {
			"rotation": [-45, -90, 0],
			"translation": [0.25, 7, -2.75],
			"scale": [0.6, 0.6, 0.6]
		},
		"fixed": {
			"rotation": [0, -180, -45],
			"translation": [0.75, -0.75, 0],
			"scale": [0.475, 0.475, 0.475]
		}
	},
	"groups": [
		{
			"name": "sword",
			"origin": [8, 8, 8],
			"color": 0,
			"children": [
				{
					"name": "pommel",
					"origin": [8, 8, 8],
					"color": 0,
					"children": []
				},
				{
					"name": "grip",
					"origin": [8, 8, 8],
					"color": 0,
					"children": [0, 1, 2, 3, 4, 5, 6]
				},
				{
					"name": "guard",
					"origin": [8, 8, 8],
					"color": 0,
					"children": [
						{
							"name": "cross-guard",
							"origin": [8, 8, 8],
							"color": 0,
							"children": []
						},
						{
							"name": "rain-guard",
							"origin": [8, 8, 8],
							"color": 0,
							"children": []
						}
					]
				},
				{
					"name": "blade",
					"origin": [8, 8, 8],
					"color": 0,
					"children": []
				}
			]
		}
	]
}