{
	"texture_size": [64, 64],
	"textures": {
		"1": "akaleaf/adventurer_warhammers/lucerne_warhammer"
	},
	"elements": [
		{
			"from": [7.02, -8.88, 7.02],
			"to": [8.98, 11.08, 8.98],
			"rotation": {"angle": 0, "axis": "y", "origin": [8, 26.6, 7.5]},
			"faces": {
				"north": {"uv": [13.25, 8.75, 13.75, 13.75], "texture": "#1"},
				"east": {"uv": [12.75, 8.75, 13.25, 13.75], "texture": "#1"},
				"south": {"uv": [12.25, 8.75, 12.75, 13.75], "texture": "#1"},
				"west": {"uv": [11.75, 8.75, 12.25, 13.75], "texture": "#1"}
			}
		},
		{
			"from": [0.1, 20.5, 7],
			"to": [4.1, 22.5, 9],
			"rotation": {"angle": 22.5, "axis": "z", "origin": [2.1, 21.5, 8]},
			"faces": {
				"north": {"uv": [10.5, 5, 11.5, 5.5], "texture": "#1"},
				"south": {"uv": [10.5, 6, 11.5, 6.5], "texture": "#1"},
				"west": {"uv": [10, 6, 10.5, 6.5], "texture": "#1"},
				"up": {"uv": [11.5, 6, 10.5, 5.5], "texture": "#1"},
				"down": {"uv": [11.5, 6.5, 10.5, 7], "texture": "#1"}
			}
		},
		{
			"from": [0.1, 24.5, 7],
			"to": [4.1, 26.5, 9],
			"rotation": {"angle": -22.5, "axis": "z", "origin": [2.1, 25.5, 8]},
			"faces": {
				"north": {"uv": [10.5, 5, 11.5, 5.5], "texture": "#1"},
				"south": {"uv": [10.5, 6, 11.5, 6.5], "texture": "#1"},
				"west": {"uv": [10, 6, 10.5, 6.5], "texture": "#1"},
				"up": {"uv": [11.5, 6, 10.5, 5.5], "texture": "#1"},
				"down": {"uv": [11.5, 6.5, 10.5, 7], "texture": "#1"}
			}
		},
		{
			"from": [0.1, 22.5, 9],
			"to": [4.1, 24.5, 11],
			"rotation": {"angle": 22.5, "axis": "y", "origin": [2.1, 23.5, 10]},
			"faces": {
				"north": {"uv": [10.5, 5, 11.5, 5.5], "texture": "#1"},
				"south": {"uv": [10.5, 6, 11.5, 6.5], "texture": "#1"},
				"west": {"uv": [10, 6, 10.5, 6.5], "texture": "#1"},
				"up": {"uv": [11.5, 6, 10.5, 5.5], "texture": "#1"},
				"down": {"uv": [11.5, 6.5, 10.5, 7], "texture": "#1"}
			}
		},
		{
			"from": [0.1, 22.5, 5],
			"to": [4.1, 24.5, 7],
			"rotation": {"angle": -22.5, "axis": "y", "origin": [2.1, 23.5, 6]},
			"faces": {
				"north": {"uv": [10.5, 5, 11.5, 5.5], "texture": "#1"},
				"south": {"uv": [10.5, 6, 11.5, 6.5], "texture": "#1"},
				"west": {"uv": [10, 6, 10.5, 6.5], "texture": "#1"},
				"up": {"uv": [11.5, 6, 10.5, 5.5], "texture": "#1"},
				"down": {"uv": [11.5, 6.5, 10.5, 7], "texture": "#1"}
			}
		},
		{
			"from": [3.5, 21, 5.5],
			"to": [10.5, 26, 10.5],
			"rotation": {"angle": 0, "axis": "y", "origin": [8, 22.85, 8]},
			"faces": {
				"north": {"uv": [13.25, 5.5, 11.5, 6.75], "texture": "#1"},
				"east": {"uv": [13, 5.5, 13.25, 6.75], "texture": "#1"},
				"south": {"uv": [11.5, 5.5, 13.25, 6.75], "texture": "#1"},
				"west": {"uv": [11.5, 5.5, 11.75, 6.75], "texture": "#1"},
				"up": {"uv": [11.5, 5.5, 13.25, 5.75], "texture": "#1"},
				"down": {"uv": [11.5, 6.5, 13.25, 6.75], "texture": "#1"}
			}
		},
		{
			"from": [7, 26, 7],
			"to": [9, 30, 9],
			"rotation": {"angle": 0, "axis": "y", "origin": [8, 27.85, 8]},
			"faces": {
				"north": {"uv": [12.75, 4.5, 12.25, 5.5], "texture": "#1"},
				"east": {"uv": [12.5, 4.5, 12.75, 5.5], "texture": "#1"},
				"south": {"uv": [12.25, 4.5, 12.75, 5.5], "texture": "#1"},
				"west": {"uv": [12.25, 4.5, 12.5, 5.5], "texture": "#1"}
			}
		},
		{
			"from": [6.98, 29.38, 6.98],
			"to": [9.02, 31.42, 9.02],
			"rotation": {"angle": -45, "axis": "z", "origin": [8, 30.4, 8]},
			"faces": {
				"north": {"uv": [12.75, 4.25, 12.25, 4.75], "texture": "#1"},
				"east": {"uv": [12.5, 4.25, 12.75, 4.75], "texture": "#1"},
				"south": {"uv": [12.25, 4.25, 12.75, 4.75], "texture": "#1"},
				"west": {"uv": [12.25, 4.25, 12.5, 4.75], "texture": "#1"},
				"up": {"uv": [12.25, 4.25, 12.75, 4.5], "texture": "#1"},
				"down": {"uv": [12.25, 4.5, 12.75, 4.75], "texture": "#1"}
			}
		},
		{
			"from": [10.5, 22, 6.5],
			"to": [15.5, 25, 9.5],
			"rotation": {"angle": 0, "axis": "y", "origin": [16, 22.85, 8]},
			"faces": {
				"north": {"uv": [14.5, 5.75, 13.25, 6.5], "texture": "#1"},
				"east": {"uv": [14.25, 5.75, 14.5, 6.5], "texture": "#1"},
				"south": {"uv": [13.25, 5.75, 14.5, 6.5], "texture": "#1"},
				"up": {"uv": [13.25, 5.75, 14.5, 6], "texture": "#1"},
				"down": {"uv": [13.25, 6.25, 14.5, 6.5], "texture": "#1"}
			}
		},
		{
			"from": [14.77373, 21.94881, 7.5],
			"to": [17.77373, 23.94881, 8.5],
			"rotation": {"angle": -22.5, "axis": "z", "origin": [16.77373, 22.94881, 8]},
			"faces": {
				"north": {"uv": [15.25, 6, 14.5, 6.5], "texture": "#1"},
				"east": {"uv": [15, 6, 15.25, 6.5], "texture": "#1"},
				"south": {"uv": [14.5, 6, 15.25, 6.5], "texture": "#1"},
				"up": {"uv": [14.5, 6, 15.25, 6.25], "texture": "#1"},
				"down": {"uv": [14.5, 6.25, 15.25, 6.5], "texture": "#1"}
			}
		},
		{
			"from": [6.5, -12, 6.5],
			"to": [9.5, -9, 9.5],
			"rotation": {"angle": 0, "axis": "y", "origin": [8, 23.6, 7.5]},
			"faces": {
				"north": {"uv": [12.75, 13.75, 12, 14.5], "texture": "#1"},
				"east": {"uv": [12.75, 13.75, 13.5, 14.5], "texture": "#1"},
				"south": {"uv": [12, 13.75, 12.75, 14.5], "texture": "#1"},
				"west": {"uv": [11.25, 13.75, 12, 14.5], "texture": "#1"},
				"up": {"uv": [12, 13.75, 12.75, 14], "texture": "#1"},
				"down": {"uv": [12, 14.25, 12.75, 14.5], "texture": "#1"}
			}
		},
		{
			"from": [6.5, 13, 6.5],
			"to": [9.5, 21, 9.5],
			"rotation": {"angle": 0, "axis": "y", "origin": [8, 50.6, 7.5]},
			"faces": {
				"north": {"uv": [13, 6.75, 12.25, 8.75], "texture": "#1"},
				"east": {"uv": [13, 6.75, 13.75, 8.75], "texture": "#1"},
				"south": {"uv": [12.25, 6.75, 13, 8.75], "texture": "#1"},
				"west": {"uv": [11.5, 6.75, 12.25, 8.75], "texture": "#1"},
				"down": {"uv": [12.25, 8.5, 13, 8.75], "texture": "#1"}
			}
		},
		{
			"from": [6.5, 11, 6.5],
			"to": [9.5, 13, 9.5],
			"rotation": {"angle": 45, "axis": "y", "origin": [8, 12.5, 8]},
			"faces": {
				"north": {"uv": [11.75, 8.75, 11, 9.25], "texture": "#1"},
				"east": {"uv": [11, 8.75, 10.25, 9.25], "texture": "#1"},
				"south": {"uv": [10.25, 8.75, 11, 9.25], "texture": "#1"},
				"west": {"uv": [11, 8.75, 11.75, 9.25], "texture": "#1"},
				"up": {"uv": [10.75, 8, 11.5, 8.75], "texture": "#1"},
				"down": {"uv": [10.75, 9.25, 11.5, 10], "texture": "#1"}
			}
		},
		{
			"from": [6.5, -9, 6.5],
			"to": [9.5, -7, 9.5],
			"rotation": {"angle": 45, "axis": "y", "origin": [8, 12.5, 8]},
			"faces": {
				"north": {"uv": [11.75, 8.75, 11, 9.25], "texture": "#1"},
				"east": {"uv": [11, 8.75, 10.25, 9.25], "texture": "#1"},
				"south": {"uv": [10.25, 8.75, 11, 9.25], "texture": "#1"},
				"west": {"uv": [11, 8.75, 11.75, 9.25], "texture": "#1"},
				"up": {"uv": [10.75, 8, 11.5, 8.75], "texture": "#1"},
				"down": {"uv": [10.75, 9.25, 11.5, 10], "texture": "#1"}
			}
		}
	],
	"gui_light": "front",
	"display": {
		"thirdperson_righthand": {
			"rotation": [-10, -90, 0],
			"translation": [0, -1.5, 2],
			"scale": [0.8, 0.8, 0.8]
		},
		"thirdperson_lefthand": {
			"rotation": [-10, 90, 0],
			"translation": [0, -1.5, 2],
			"scale": [0.8, 0.8, 0.8]
		},
		"firstperson_righthand": {
			"rotation": [21, -90, 0],
			"translation": [4, -3.5, -2.5],
			"scale": [0.6, 0.6, 0.6]
		},
		"firstperson_lefthand": {
			"rotation": [21, 90, 0],
			"translation": [4, -3.5, -2.5],
			"scale": [0.6, 0.6, 0.6]
		},
		"ground": {
			"rotation": [0, 0, -45],
			"translation": [0, 4, 0],
			"scale": [0.35, 0.35, 0.35]
		},
		"gui": {
			"rotation": [0, 0, -45],
			"translation": [-0.75, -0.75, 0],
			"scale": [0.475, 0.475, 0.475]
		},
		"head": {
			"rotation": [-45, -90, 0],
			"translation": [0.25, 7, -2.75],
			"scale": [0.6, 0.6, 0.6]
		},
		"fixed": {
			"rotation": [0, -180, -45],
			"translation": [0.75, -1, 0],
			"scale": [0.475, 0.475, 0.475]
		}
	},
	"groups": [
		{
			"name": "sword",
			"origin": [8, 8, 8],
			"color": 0,
			"children": [
				{
					"name": "pommel",
					"origin": [8, 8, 8],
					"color": 0,
					"children": []
				},
				{
					"name": "grip",
					"origin": [8, 8, 8],
					"color": 0,
					"children": [0, 1, 2, 3, 4, 5, 6, 7, 8, 9, 10, 11, 12, 13]
				},
				{
					"name": "guard",
					"origin": [8, 8, 8],
					"color": 0,
					"children": [
						{
							"name": "cross-guard",
							"origin": [8, 8, 8],
							"color": 0,
							"children": []
						},
						{
							"name": "rain-guard",
							"origin": [8, 8, 8],
							"color": 0,
							"children": []
						}
					]
				},
				{
					"name": "blade",
					"origin": [8, 8, 8],
					"color": 0,
					"children": []
				}
			]
		}
	]
}