{
	"texture_size": [64, 64],
	"textures": {
		"3": "akaleaf/adventurer_warhammers/peasant_warhammer"
	},
	"elements": [
		{
			"from": [7.02, -11.88, 7.02],
			"to": [8.98, 29.08, 8.98],
			"rotation": {"angle": 0, "axis": "y", "origin": [8, 26.6, 7.5]},
			"faces": {
				"north": {"uv": [2.5, 5.75, 3, 16], "texture": "#3"},
				"east": {"uv": [2.25, 5.75, 2.75, 16], "texture": "#3"},
				"south": {"uv": [3, 5.75, 3.5, 16], "texture": "#3"},
				"west": {"uv": [2.75, 5.75, 3.25, 16], "texture": "#3"},
				"up": {"uv": [3, 5.75, 2.5, 6], "texture": "#3"},
				"down": {"uv": [3, 15.75, 2.5, 16], "texture": "#3"}
			}
		},
		{
			"from": [1.5, 20.85, 5],
			"to": [14.5, 26.85, 11],
			"rotation": {"angle": 45, "axis": "x", "origin": [8, 23.85, 8]},
			"faces": {
				"north": {"uv": [1.25, 6.25, 4.5, 7.75], "texture": "#3"},
				"east": {"uv": [0.75, 7.75, 2.25, 9.25], "texture": "#3"},
				"south": {"uv": [4.5, 6.25, 1.25, 7.75], "texture": "#3"},
				"west": {"uv": [3.5, 7.75, 5, 9.25], "texture": "#3"},
				"up": {"uv": [4.5, 6.25, 1.25, 7.75], "texture": "#3"},
				"down": {"uv": [4.5, 6.25, 1.25, 7.75], "texture": "#3"}
			}
		},
		{
			"from": [2.5, 20.35, 4.5],
			"to": [5.5, 27.35, 11.5],
			"rotation": {"angle": 45, "axis": "x", "origin": [8, 23.85, 8]},
			"faces": {
				"north": {"uv": [3.5, 6, 4.25, 7.75], "texture": "#3"},
				"east": {"uv": [3.5, 4.25, 5.25, 6], "texture": "#3"},
				"south": {"uv": [4.25, 6, 3.5, 7.75], "texture": "#3"},
				"west": {"uv": [0.5, 4.25, 2.25, 6], "texture": "#3"},
				"up": {"uv": [4.25, 6, 3.5, 7.75], "texture": "#3"},
				"down": {"uv": [4.25, 7.75, 3.5, 6], "texture": "#3"}
			}
		},
		{
			"from": [10.5, 20.35, 4.5],
			"to": [13.5, 27.35, 11.5],
			"rotation": {"angle": 45, "axis": "x", "origin": [8, 23.85, 8]},
			"faces": {
				"north": {"uv": [1.5, 6, 2.25, 7.75], "texture": "#3"},
				"east": {"uv": [3.5, 4.25, 5.25, 6], "texture": "#3"},
				"south": {"uv": [2.25, 6, 1.5, 7.75], "texture": "#3"},
				"west": {"uv": [0.5, 4.25, 2.25, 6], "texture": "#3"},
				"up": {"uv": [2.25, 6, 1.5, 7.75], "texture": "#3"},
				"down": {"uv": [2.25, 7.75, 1.5, 6], "texture": "#3"}
			}
		},
		{
			"from": [6.5, -10.9, 6.5],
			"to": [9.5, -8.9, 9.5],
			"rotation": {"angle": 0, "axis": "y", "origin": [8, 23.6, 7.5]},
			"faces": {
				"north": {"uv": [2.5, 15.25, 3.25, 15.75], "texture": "#3"},
				"east": {"uv": [2.5, 15.25, 2.75, 15.75], "texture": "#3"},
				"south": {"uv": [3.25, 15.25, 2.5, 15.75], "texture": "#3"},
				"west": {"uv": [3, 15.25, 3.25, 15.75], "texture": "#3"},
				"up": {"uv": [3.25, 15.25, 2.5, 15.5], "texture": "#3"},
				"down": {"uv": [3.25, 15.5, 2.5, 15.75], "texture": "#3"}
			}
		}
	],
	"gui_light": "front",
	"display": {
		"thirdperson_righthand": {
			"rotation": [-10, -90, 0],
			"translation": [0, -1.5, 2],
			"scale": [0.8, 0.8, 0.8]
		},
		"thirdperson_lefthand": {
			"rotation": [-10, 90, 0],
			"translation": [0, -1.5, 2],
			"scale": [0.8, 0.8, 0.8]
		},
		"firstperson_righthand": {
			"rotation": [21, -90, 0],
			"translation": [4, -4.75, -2.5],
			"scale": [0.6, 0.6, 0.6]
		},
		"firstperson_lefthand": {
			"rotation": [21, 90, 0],
			"translation": [4, -4.75, -2.5],
			"scale": [0.6, 0.6, 0.6]
		},
		"ground": {
			"rotation": [0, 0, -45],
			"translation": [0, 4, 0],
			"scale": [0.35, 0.35, 0.35]
		},
		"gui": {
			"rotation": [0, 0, -45],
			"translation": [-1, -1, 0],
			"scale": [0.475, 0.475, 0.475]
		},
		"head": {
			"rotation": [-45, -90, 0],
			"translation": [0.25, 7, -2.75],
			"scale": [0.6, 0.6, 0.6]
		},
		"fixed": {
			"rotation": [0, -180, -45],
			"translation": [0.75, -0.75, 0],
			"scale": [0.475, 0.475, 0.475]
		}
	},
	"groups": [
		{
			"name": "sword",
			"origin": [8, 8, 8],
			"color": 0,
			"children": [
				{
					"name": "pommel",
					"origin": [8, 8, 8],
					"color": 0,
					"children": []
				},
				{
					"name": "grip",
					"origin": [8, 8, 8],
					"color": 0,
					"children": [0, 1, 2, 3, 4]
				},
				{
					"name": "guard",
					"origin": [8, 8, 8],
					"color": 0,
					"children": [
						{
							"name": "cross-guard",
							"origin": [8, 8, 8],
							"color": 0,
							"children": []
						},
						{
							"name": "rain-guard",
							"origin": [8, 8, 8],
							"color": 0,
							"children": []
						}
					]
				},
				{
					"name": "blade",
					"origin": [8, 8, 8],
					"color": 0,
					"children": []
				}
			]
		}
	]
}