{
	"texture_size": [64, 64],
	"textures": {
		"7": "akaleaf/adventurer_warhammers/warhammer_of_lightbringer"
	},
	"elements": [
		{
			"from": [7.02, -9.88, 7.02],
			"to": [8.98, 19.08, 8.98],
			"rotation": {"angle": 0, "axis": "y", "origin": [8, 26.6, 7.5]},
			"faces": {
				"north": {"uv": [12.5, 4.25, 12, 11.5], "texture": "#7"},
				"east": {"uv": [12.75, 4.25, 12.25, 11.5], "texture": "#7"},
				"south": {"uv": [13, 4.25, 12.5, 11.5], "texture": "#7"},
				"west": {"uv": [12.25, 4.25, 11.75, 11.5], "texture": "#7"}
			}
		},
		{
			"from": [1, 20.85, 5],
			"to": [15, 28.85, 11],
			"rotation": {"angle": 0, "axis": "y", "origin": [8, 23.85, 8]},
			"faces": {
				"north": {"uv": [10.5, 2, 14, 4], "texture": "#7"},
				"east": {"uv": [9, 2, 10.5, 4], "texture": "#7"},
				"south": {"uv": [14, 2, 10.5, 4], "texture": "#7"},
				"west": {"uv": [14, 2, 15.5, 4], "texture": "#7"},
				"up": {"uv": [10.5, 0.5, 14, 2], "texture": "#7"},
				"down": {"uv": [11.75, 4.5, 8.25, 6], "texture": "#7"}
			}
		},
		{
			"from": [7, 28.85, 7],
			"to": [9, 29.85, 9],
			"rotation": {"angle": 0, "axis": "y", "origin": [8, 24.85, 8]},
			"faces": {
				"north": {"uv": [12, 0.25, 12.5, 0.5], "texture": "#7"},
				"east": {"uv": [12.5, 0.25, 12, 0.5], "texture": "#7"},
				"south": {"uv": [12, 0.25, 12.5, 0.5], "texture": "#7"},
				"west": {"uv": [12.5, 0.25, 12, 0.5], "texture": "#7"},
				"up": {"uv": [12, 0, 12.5, 0.5], "texture": "#7"}
			}
		},
		{
			"from": [6.5, -11.9, 6.5],
			"to": [9.5, -9.9, 9.5],
			"rotation": {"angle": 0, "axis": "y", "origin": [8, 23.6, 7.5]},
			"faces": {
				"north": {"uv": [12.75, 11.5, 12, 12], "texture": "#7"},
				"east": {"uv": [12.5, 11.5, 12.75, 12], "texture": "#7"},
				"south": {"uv": [12, 11.5, 12.75, 12], "texture": "#7"},
				"west": {"uv": [12, 11.5, 12.25, 12], "texture": "#7"},
				"up": {"uv": [12, 11.5, 12.75, 11.75], "texture": "#7"},
				"down": {"uv": [12, 11.75, 12.75, 12], "texture": "#7"}
			}
		},
		{
			"from": [6.5, -6.9, 6.5],
			"to": [9.5, -4.9, 9.5],
			"rotation": {"angle": 0, "axis": "y", "origin": [8, 28.6, 7.5]},
			"faces": {
				"north": {"uv": [12.75, 10.25, 12, 10.75], "texture": "#7"},
				"east": {"uv": [12.5, 10.25, 12.75, 10.75], "texture": "#7"},
				"south": {"uv": [12, 10.25, 12.75, 10.75], "texture": "#7"},
				"west": {"uv": [12, 10.25, 12.25, 10.75], "texture": "#7"},
				"up": {"uv": [12, 10.25, 12.75, 10.5], "texture": "#7"},
				"down": {"uv": [12, 10.5, 12.75, 10.75], "texture": "#7"}
			}
		},
		{
			"from": [6.5, 11.1, 6.5],
			"to": [9.5, 13.1, 9.5],
			"rotation": {"angle": 0, "axis": "y", "origin": [8, 12.1, 8]},
			"faces": {
				"north": {"uv": [12.75, 5.75, 12, 6.25], "texture": "#7"},
				"east": {"uv": [12.5, 5.75, 12.75, 6.25], "texture": "#7"},
				"south": {"uv": [12, 5.75, 12.75, 6.25], "texture": "#7"},
				"west": {"uv": [12, 5.75, 12.25, 6.25], "texture": "#7"},
				"up": {"uv": [12, 5.75, 12.75, 6], "texture": "#7"},
				"down": {"uv": [12, 6, 12.75, 6.25], "texture": "#7"}
			}
		},
		{
			"from": [6, 22.85, 4.5],
			"to": [10, 26.85, 11.5],
			"rotation": {"angle": 45, "axis": "z", "origin": [8, 24.85, 8]},
			"faces": {
				"north": {"uv": [9.5, 1, 10.5, 2], "texture": "#7"},
				"east": {"uv": [9.5, 1, 9.75, 2], "texture": "#7"},
				"south": {"uv": [10.5, 1, 9.5, 2], "texture": "#7"},
				"west": {"uv": [10.25, 1, 10.5, 2], "texture": "#7"},
				"up": {"uv": [10.5, 1, 9.5, 1.25], "texture": "#7"},
				"down": {"uv": [10.5, 1.75, 9.5, 2], "texture": "#7"}
			}
		},
		{
			"from": [4, 18.85, 6],
			"to": [12, 20.85, 10],
			"rotation": {"angle": 0, "axis": "y", "origin": [8, 53.6, 7.5]},
			"faces": {
				"north": {"uv": [11.25, 4, 13.25, 4.5], "texture": "#7"},
				"east": {"uv": [11.25, 4, 11.5, 4.5], "texture": "#7"},
				"south": {"uv": [13.25, 4, 11.25, 4.5], "texture": "#7"},
				"west": {"uv": [13, 4, 13.25, 4.5], "texture": "#7"},
				"down": {"uv": [11.25, 4.25, 13.25, 4.5], "texture": "#7"}
			}
		},
		{
			"from": [7.47868, -10.80442, 7.1],
			"to": [9.27868, -9.00442, 8.9],
			"rotation": {"angle": -45, "axis": "z", "origin": [5.87868, -10.40442, 8.3]},
			"faces": {
				"north": {"uv": [12, 12, 12.5, 12.5], "texture": "#7"},
				"east": {"uv": [12, 12, 12.25, 12.5], "texture": "#7"},
				"south": {"uv": [12.5, 12, 12, 12.5], "texture": "#7"},
				"down": {"uv": [12.5, 12.25, 12, 12.5], "texture": "#7"}
			}
		}
	],
	"gui_light": "front",
	"display": {
		"thirdperson_righthand": {
			"rotation": [-10, -90, 0],
			"translation": [0, -1.5, 2],
			"scale": [0.8, 0.8, 0.8]
		},
		"thirdperson_lefthand": {
			"rotation": [-10, 90, 0],
			"translation": [0, -1.5, 2],
			"scale": [0.8, 0.8, 0.8]
		},
		"firstperson_righthand": {
			"rotation": [21, -90, 0],
			"translation": [4, -4.75, -2.5],
			"scale": [0.6, 0.6, 0.6]
		},
		"firstperson_lefthand": {
			"rotation": [21, 90, 0],
			"translation": [4, -4.75, -2.5],
			"scale": [0.6, 0.6, 0.6]
		},
		"ground": {
			"rotation": [0, 0, -45],
			"translation": [0, 4, 0],
			"scale": [0.35, 0.35, 0.35]
		},
		"gui": {
			"rotation": [0, 0, -45],
			"translation": [-1, -1, 0],
			"scale": [0.45, 0.45, 0.45]
		},
		"head": {
			"rotation": [-45, -90, 0],
			"translation": [0.25, 7, -2.75],
			"scale": [0.6, 0.6, 0.6]
		},
		"fixed": {
			"rotation": [0, -180, -45],
			"translation": [1, -1, 0],
			"scale": [0.45, 0.45, 0.45]
		}
	},
	"groups": [
		{
			"name": "sword",
			"origin": [8, 8, 8],
			"color": 0,
			"children": [
				{
					"name": "pommel",
					"origin": [8, 8, 8],
					"color": 0,
					"children": []
				},
				{
					"name": "grip",
					"origin": [8, 8, 8],
					"color": 0,
					"children": [0, 1, 2, 3, 4, 5, 6, 7, 8]
				},
				{
					"name": "guard",
					"origin": [8, 8, 8],
					"color": 0,
					"children": [
						{
							"name": "cross-guard",
							"origin": [8, 8, 8],
							"color": 0,
							"children": []
						},
						{
							"name": "rain-guard",
							"origin": [8, 8, 8],
							"color": 0,
							"children": []
						}
					]
				},
				{
					"name": "blade",
					"origin": [8, 8, 8],
					"color": 0,
					"children": []
				}
			]
		}
	]
}