{
    "parent": "item/handheld",
    "textures": {
        "layer0": "item/netherite_sword"
    },
    "overrides": [
        { "predicate": {"custom_model_data": 2801}, "model": "item/akaleaf/adventurer_war_hammers/royal_hammer"},
        { "predicate": {"custom_model_data": 2802}, "model": "item/akaleaf/adventurer_war_hammers/peasant_hammer"},
        { "predicate": {"custom_model_data": 2803}, "model": "item/akaleaf/adventurer_war_hammers/cleric_hammer"},
        { "predicate": {"custom_model_data": 2804}, "model": "item/akaleaf/adventurer_war_hammers/gatekeeper_hammer"},
        { "predicate": {"custom_model_data": 2805}, "model": "item/akaleaf/adventurer_war_hammers/lucerne_hammer"},
        { "predicate": {"custom_model_data": 2806}, "model": "item/akaleaf/adventurer_war_hammers/hammer_of_lightbringer"},
        { "predicate": {"custom_model_data": 2807}, "model": "item/akaleaf/adventurer_war_hammers/dragon_headed_hammer"},
        { "predicate": {"custom_model_data": 2808}, "model": "item/akaleaf/adventurer_war_hammers/gladiator_hammer"},
        { "predicate": {"custom_model_data": 2809}, "model": "item/akaleaf/adventurer_war_hammers/skull_hammer"},
        { "predicate": {"custom_model_data": 2810}, "model": "item/akaleaf/adventurer_war_hammers/spike_hammer"}
    ]
}