{"textures":{"0":"modelengine:entity/pet_easter_egg_blue"},"elements":[{"from":[5.428571,5.428571,5.428571],"to":[10.571428,10.571428,10.571428],"rotation":{"angle":0.0,"axis":"y","origin":[8.0,8.0,8.0]},"faces":{"east":{"uv":[0.0,5.0,4.5,9.5],"rotation":0,"texture":"#0","tintindex":0},"south":{"uv":[5.0,0.0,9.5,4.5],"rotation":0,"texture":"#0","tintindex":0},"north":{"uv":[0.0,0.0,4.5,4.5],"rotation":0,"texture":"#0","tintindex":0},"west":{"uv":[5.0,5.0,9.5,9.5],"rotation":0,"texture":"#0","tintindex":0},"up":{"uv":[4.5,14.5,0.0,10.0],"rotation":0,"texture":"#0","tintindex":0},"down":{"uv":[14.5,0.0,10.0,4.5],"rotation":0,"texture":"#0","tintindex":0}}}],"display":{"head":{"translation":[0.0,-6.4,0.0],"scale":[4.0,4.0,4.0]}}}