{"parent":"minecraft:item/generated","textures":{"layer0":"minecraft:item/leather_horse_armor"},"overrides":[{"predicate":{"custom_model_data":1},"model":"modelengine:killer_rabbit_tooth/upper_teeth"},{"predicate":{"custom_model_data":2},"model":"modelengine:killer_rabbit_tooth/lower_teeth"},{"predicate":{"custom_model_data":3},"model":"modelengine:pet_blaze_chick/body"},{"predicate":{"custom_model_data":4},"model":"modelengine:pet_blaze_chick/tail"},{"predicate":{"custom_model_data":5},"model":"modelengine:pet_blaze_chick/left_wings"},{"predicate":{"custom_model_data":6},"model":"modelengine:pet_blaze_chick/left_wings_end"},{"predicate":{"custom_model_data":7},"model":"modelengine:pet_blaze_chick/right_wings"},{"predicate":{"custom_model_data":8},"model":"modelengine:pet_blaze_chick/right_wings_end"},{"predicate":{"custom_model_data":9},"model":"modelengine:pet_blaze_chick/left_leg"},{"predicate":{"custom_model_data":10},"model":"modelengine:pet_blaze_chick/right_leg"},{"predicate":{"custom_model_data":11},"model":"modelengine:pet_bunny/body"},{"predicate":{"custom_model_data":12},"model":"modelengine:pet_bunny/tail"},{"predicate":{"custom_model_data":13},"model":"modelengine:pet_bunny/left_ear"},{"predicate":{"custom_model_data":14},"model":"modelengine:pet_bunny/right_ear"},{"predicate":{"custom_model_data":15},"model":"modelengine:pet_bunny/left_arm"},{"predicate":{"custom_model_data":16},"model":"modelengine:pet_bunny/right_arm"},{"predicate":{"custom_model_data":17},"model":"modelengine:pet_bunny/left_leg"},{"predicate":{"custom_model_data":18},"model":"modelengine:pet_bunny/right_leg"},{"predicate":{"custom_model_data":19},"model":"modelengine:pet_chick/body"},{"predicate":{"custom_model_data":20},"model":"modelengine:pet_chick/tail"},{"predicate":{"custom_model_data":21},"model":"modelengine:pet_chick/left_wings"},{"predicate":{"custom_model_data":22},"model":"modelengine:pet_chick/left_wings_end"},{"predicate":{"custom_model_data":23},"model":"modelengine:pet_chick/right_wings"},{"predicate":{"custom_model_data":24},"model":"modelengine:pet_chick/right_wings_end"},{"predicate":{"custom_model_data":25},"model":"modelengine:pet_chick/left_leg"},{"predicate":{"custom_model_data":26},"model":"modelengine:pet_chick/right_leg"},{"predicate":{"custom_model_data":27},"model":"modelengine:pet_easter_egg_blue/body"},{"predicate":{"custom_model_data":28},"model":"modelengine:pet_easter_egg_pink/body"},{"predicate":{"custom_model_data":29},"model":"modelengine:pet_easter_egg_yellow/body"},{"predicate":{"custom_model_data":30},"model":"modelengine:pet_killer_bunny/body"},{"predicate":{"custom_model_data":31},"model":"modelengine:pet_killer_bunny/tail"},{"predicate":{"custom_model_data":32},"model":"modelengine:pet_killer_bunny/left_ear"},{"predicate":{"custom_model_data":33},"model":"modelengine:pet_killer_bunny/right_ear"},{"predicate":{"custom_model_data":34},"model":"modelengine:pet_killer_bunny/left_arm"},{"predicate":{"custom_model_data":35},"model":"modelengine:pet_killer_bunny/right_arm"},{"predicate":{"custom_model_data":36},"model":"modelengine:pet_killer_bunny/left_leg"},{"predicate":{"custom_model_data":37},"model":"modelengine:pet_killer_bunny/right_leg"},{"predicate":{"custom_model_data":38},"model":"modelengine:turkeybot/turkey"},{"predicate":{"custom_model_data":39},"model":"modelengine:turkeybot/tail1"},{"predicate":{"custom_model_data":40},"model":"modelengine:turkeybot/tail2"},{"predicate":{"custom_model_data":41},"model":"modelengine:turkeybot/leftwing"},{"predicate":{"custom_model_data":42},"model":"modelengine:turkeybot/rightwing"},{"predicate":{"custom_model_data":43},"model":"modelengine:turkeybot/leftleg"},{"predicate":{"custom_model_data":44},"model":"modelengine:turkeybot/leftshin"},{"predicate":{"custom_model_data":45},"model":"modelengine:turkeybot/rightleg"},{"predicate":{"custom_model_data":46},"model":"modelengine:turkeybot/rightshin"},{"predicate":{"custom_model_data":47},"model":"modelengine:turkeybot/neck1"},{"predicate":{"custom_model_data":48},"model":"modelengine:turkeybot/neck2"},{"predicate":{"custom_model_data":49},"model":"modelengine:turkeybot/head"},{"predicate":{"custom_model_data":50},"model":"modelengine:turkeybot/jaw"},{"predicate":{"custom_model_data":51},"model":"modelengine:turkeybot/neck3"},{"predicate":{"custom_model_data":52},"model":"modelengine:turkeybot_baby/turkeybaby"},{"predicate":{"custom_model_data":53},"model":"modelengine:turkeybot_baby/rightwing"},{"predicate":{"custom_model_data":54},"model":"modelengine:turkeybot_baby/head"},{"predicate":{"custom_model_data":55},"model":"modelengine:turkeybot_baby/leftwing"},{"predicate":{"custom_model_data":56},"model":"modelengine:turkeybot_baby/leftleg"},{"predicate":{"custom_model_data":57},"model":"modelengine:turkeybot_baby/rightleg"},{"predicate":{"custom_model_data":58},"model":"modelengine:turkeybot_dinner/turkey"},{"predicate":{"custom_model_data":59},"model":"modelengine:turkeybot_dinner/left_wing"},{"predicate":{"custom_model_data":60},"model":"modelengine:turkeybot_dinner/right_wing"},{"predicate":{"custom_model_data":61},"model":"modelengine:turkeybot_dinner/left_leg"},{"predicate":{"custom_model_data":62},"model":"modelengine:turkeybot_dinner/right_leg"},{"predicate":{"custom_model_data":63},"model":"modelengine:turkeybot_egg/egg"}]}