{"textures":{"0":"modelengine:entity/pet_chick"},"elements":[{"from":[7.457143,5.271428,6.857143],"to":[7.457143,8.1285715,9.142858],"rotation":{"angle":-22.5,"axis":"z","origin":[7.457143,6.7,8.0]},"faces":{"east":{"uv":[3.0,7.5,4.0,8.75],"rotation":0,"texture":"#0","tintindex":0},"south":{"uv":[8.25,9.5,8.25,10.75],"rotation":0,"texture":"#0","tintindex":0},"north":{"uv":[8.0,9.5,8.0,10.75],"rotation":0,"texture":"#0","tintindex":0},"west":{"uv":[7.5,3.25,8.5,4.5],"rotation":0,"texture":"#0","tintindex":0},"up":{"uv":[9.5,7.25,9.5,6.25],"rotation":0,"texture":"#0","tintindex":0},"down":{"uv":[8.5,9.5,8.5,10.5],"rotation":0,"texture":"#0","tintindex":0}}}],"display":{"head":{"translation":[0.0,-6.4,0.0],"scale":[4.0,4.0,4.0]}}}