{"textures":{"0":"modelengine:entity/pet_chick"},"elements":[{"from":[6.285714,7.857143,5.714286],"to":[9.714286,7.857143,11.428572],"rotation":{"angle":22.5,"axis":"x","origin":[8.0,7.857143,8.571428]},"faces":{"east":{"uv":[9.25,8.5,11.75,8.5],"rotation":0,"texture":"#0","tintindex":0},"south":{"uv":[9.25,8.75,10.75,8.75],"rotation":0,"texture":"#0","tintindex":0},"north":{"uv":[9.25,8.25,10.75,8.25],"rotation":0,"texture":"#0","tintindex":0},"west":{"uv":[9.25,9.0,11.75,9.0],"rotation":0,"texture":"#0","tintindex":0},"up":{"uv":[6.5,7.5,5.0,5.0],"rotation":0,"texture":"#0","tintindex":0},"down":{"uv":[6.5,5.0,5.0,7.5],"rotation":0,"texture":"#0","tintindex":0}}}],"display":{"head":{"translation":[0.0,-6.4,0.0],"scale":[4.0,4.0,4.0]}}}