{"textures":{"0":"modelengine:entity/killer_rabbit_tooth"},"elements":[{"from":[4.297143,9.112772,6.8415136],"to":[11.702857,11.581344,6.8415136],"rotation":{"angle":0.0,"axis":"y","origin":[8.0,8.034286,7.92]},"faces":{"east":{"uv":[10.5,7.0,10.5,10.0],"rotation":0,"texture":"#0","tintindex":0},"south":{"uv":[9.5,1.5,5.0,3.0],"rotation":0,"texture":"#0","tintindex":0},"north":{"uv":[5.0,1.5,9.5,3.0],"rotation":0,"texture":"#0","tintindex":0},"west":{"uv":[10.5,10.5,10.5,13.5],"rotation":0,"texture":"#0","tintindex":0},"up":{"uv":[15.5,3.0,11.0,3.0],"rotation":0,"texture":"#0","tintindex":0},"down":{"uv":[15.5,3.5,11.0,3.5],"rotation":0,"texture":"#0","tintindex":0}}},{"from":[4.297143,4.6223526,7.92],"to":[11.702857,9.559496,7.92],"rotation":{"angle":-45.0,"axis":"x","origin":[8.0,8.034286,7.92]},"faces":{"east":{"uv":[10.0,3.0,10.0,6.0],"rotation":0,"texture":"#0","tintindex":0},"south":{"uv":[4.5,0.0,0.0,3.0],"rotation":0,"texture":"#0","tintindex":0},"north":{"uv":[0.0,0.0,4.5,3.0],"rotation":0,"texture":"#0","tintindex":0},"west":{"uv":[5.0,10.0,5.0,13.0],"rotation":0,"texture":"#0","tintindex":0},"up":{"uv":[10.0,10.0,5.5,10.0],"rotation":0,"texture":"#0","tintindex":0},"down":{"uv":[14.5,6.5,10.0,6.5],"rotation":0,"texture":"#0","tintindex":0}}}],"display":{"head":{"translation":[0.0,-6.4,0.0],"scale":[4.0,4.0,4.0]}}}