{"textures":{"0":"modelengine:entity/killer_rabbit_tooth"},"elements":[{"from":[4.297143,5.4430275,8.234285],"to":[11.702857,9.557314,8.234285],"rotation":{"angle":45.0,"axis":"x","origin":[8.0,8.217143,8.234285]},"faces":{"east":{"uv":[5.5,11.0,5.5,13.5],"rotation":0,"texture":"#0","tintindex":0},"south":{"uv":[4.5,10.0,0.0,12.5],"rotation":0,"texture":"#0","tintindex":0},"north":{"uv":[0.0,10.0,4.5,12.5],"rotation":0,"texture":"#0","tintindex":0},"west":{"uv":[6.0,11.0,6.0,13.5],"rotation":0,"texture":"#0","tintindex":0},"up":{"uv":[15.5,4.0,11.0,4.0],"rotation":0,"texture":"#0","tintindex":0},"down":{"uv":[15.5,4.5,11.0,4.5],"rotation":0,"texture":"#0","tintindex":0}}},{"from":[4.297143,4.609833,6.2726903],"to":[11.702857,6.255547,6.2726903],"rotation":{"angle":0.0,"axis":"y","origin":[8.0,8.217143,8.234285]},"faces":{"east":{"uv":[10.5,7.0,10.5,10.0],"rotation":0,"texture":"#0","tintindex":0},"south":{"uv":[9.5,0.0,5.0,1.0],"rotation":0,"texture":"#0","tintindex":0},"north":{"uv":[5.0,0.0,9.5,1.0],"rotation":0,"texture":"#0","tintindex":0},"west":{"uv":[10.5,10.5,10.5,13.5],"rotation":0,"texture":"#0","tintindex":0},"up":{"uv":[15.5,3.0,11.0,3.0],"rotation":0,"texture":"#0","tintindex":0},"down":{"uv":[15.5,3.5,11.0,3.5],"rotation":0,"texture":"#0","tintindex":0}}}],"display":{"head":{"translation":[0.0,-6.4,0.0],"scale":[4.0,4.0,4.0]}}}