{"textures":{"0":"modelengine:entity/turkeybot"},"elements":[{"from":[6.285714,-0.57142925,6.285714],"to":[6.285714,8.0,17.142857],"rotation":{"angle":0.0,"axis":"y","origin":[12.571428,-9.714287,11.428572]},"faces":{"east":{"uv":[9.125,4.0,6.75,5.875],"rotation":0,"texture":"#0","tintindex":0},"south":{"uv":[0.0,0.0,0.0,1.875],"rotation":0,"texture":"#0","tintindex":0},"north":{"uv":[0.0,0.0,0.0,1.875],"rotation":0,"texture":"#0","tintindex":0},"west":{"uv":[6.75,4.0,9.125,5.875],"rotation":0,"texture":"#0","tintindex":0},"up":{"uv":[0.0,2.375,0.0,0.0],"rotation":0,"texture":"#0","tintindex":0},"down":{"uv":[0.0,0.0,0.0,2.375],"rotation":0,"texture":"#0","tintindex":0}}},{"from":[6.285714,1.7142854,6.285714],"to":[8.0,8.0,13.714286],"rotation":{"angle":0.0,"axis":"y","origin":[12.571428,-9.714287,11.428572]},"faces":{"east":{"uv":[8.75,1.25,10.375,2.625],"rotation":0,"texture":"#0","tintindex":0},"south":{"uv":[9.375,12.125,9.75,13.5],"rotation":0,"texture":"#0","tintindex":0},"north":{"uv":[6.125,12.125,6.5,13.5],"rotation":0,"texture":"#0","tintindex":0},"west":{"uv":[8.75,9.75,10.375,11.125],"rotation":0,"texture":"#0","tintindex":0},"up":{"uv":[5.375,13.5,5.0,11.875],"rotation":0,"texture":"#0","tintindex":0},"down":{"uv":[12.5,4.625,12.125,6.25],"rotation":0,"texture":"#0","tintindex":0}}}],"display":{"head":{"translation":[0.0,-6.4,0.0],"scale":[4.0,4.0,4.0]}}}