{"textures":{"0":"modelengine:entity/turkeybot"},"elements":[{"from":[7.428571,5.428571,2.5714283],"to":[8.571428,7.142857,9.428572],"rotation":{"angle":-45.0,"axis":"x","origin":[8.0,6.285714,6.0]},"faces":{"east":{"uv":[8.25,6.25,6.75,6.625],"rotation":0,"texture":"#0","tintindex":0},"south":{"uv":[13.0,5.375,12.75,5.75],"rotation":0,"texture":"#0","tintindex":0},"north":{"uv":[3.5,11.375,3.25,11.75],"rotation":0,"texture":"#0","tintindex":0},"west":{"uv":[8.25,5.875,6.75,6.25],"rotation":0,"texture":"#0","tintindex":0},"up":{"uv":[6.5,13.625,6.75,12.125],"rotation":0,"texture":"#0","tintindex":0},"down":{"uv":[2.875,12.25,3.125,13.75],"rotation":0,"texture":"#0","tintindex":0}}},{"from":[6.285714,3.142857,0.85714245],"to":[9.714286,4.8571424,5.428571],"rotation":{"angle":0.0,"axis":"y","origin":[8.0,6.285714,1.9999995]},"faces":{"east":{"uv":[13.125,6.25,12.125,6.625],"rotation":0,"texture":"#0","tintindex":0},"south":{"uv":[13.125,11.625,12.375,12.0],"rotation":0,"texture":"#0","tintindex":0},"north":{"uv":[11.875,6.625,11.125,7.0],"rotation":0,"texture":"#0","tintindex":0},"west":{"uv":[13.0,0.875,12.0,1.25],"rotation":0,"texture":"#0","tintindex":0},"up":{"uv":[5.5,9.625,6.25,8.625],"rotation":0,"texture":"#0","tintindex":0},"down":{"uv":[5.5,9.625,6.25,10.625],"rotation":0,"texture":"#0","tintindex":0}}}],"display":{"head":{"translation":[0.0,-6.4,0.0],"scale":[4.0,4.0,4.0]}}}