{"textures":{"0":"modelengine:entity/turkeybot"},"elements":[{"from":[5.928571,4.5714283,5.285714],"to":[10.5,10.285714,11.0],"rotation":{"angle":0.0,"axis":"y","origin":[8.214286,7.428571,8.142858]},"faces":{"east":{"uv":[11.25,8.375,10.0,9.625],"rotation":0,"texture":"#0","tintindex":0},"south":{"uv":[11.875,7.125,10.875,8.375],"rotation":0,"texture":"#0","tintindex":0},"north":{"uv":[5.625,10.625,4.625,11.875],"rotation":0,"texture":"#0","tintindex":0},"west":{"uv":[11.25,2.625,10.0,3.875],"rotation":0,"texture":"#0","tintindex":0},"up":{"uv":[11.0,1.25,12.0,0.0],"rotation":0,"texture":"#0","tintindex":0},"down":{"uv":[11.125,5.375,12.125,6.625],"rotation":0,"texture":"#0","tintindex":0}}},{"from":[7.0714283,2.2857141,7.0],"to":[8.785714,4.5714283,9.285714],"rotation":{"angle":0.0,"axis":"y","origin":[8.214286,7.428571,8.142858]},"faces":{"east":{"uv":[13.0,4.5,12.5,5.0],"rotation":0,"texture":"#0","tintindex":0},"south":{"uv":[7.125,12.625,6.75,13.125],"rotation":0,"texture":"#0","tintindex":0},"north":{"uv":[8.625,5.875,8.25,6.375],"rotation":0,"texture":"#0","tintindex":0},"west":{"uv":[1.75,9.25,1.25,9.75],"rotation":0,"texture":"#0","tintindex":0},"up":{"uv":[7.125,13.125,7.5,12.625],"rotation":0,"texture":"#0","tintindex":0},"down":{"uv":[7.5,12.625,7.875,13.125],"rotation":0,"texture":"#0","tintindex":0}}}],"display":{"head":{"translation":[0.0,-6.4,0.0],"scale":[4.0,4.0,4.0]}}}