{"textures":{"0":"modelengine:entity/turkeybot"},"elements":[{"from":[-2.285715,6.857143,8.0],"to":[9.142858,16.0,8.0],"rotation":{"angle":45.0,"axis":"z","origin":[4.0,14.285715,8.0]},"faces":{"east":{"uv":[0.0,0.0,0.0,2.0],"rotation":0,"texture":"#0","tintindex":0},"south":{"uv":[2.5,4.625,0.0,6.625],"rotation":0,"texture":"#0","tintindex":0},"north":{"uv":[0.0,4.625,2.5,6.625],"rotation":0,"texture":"#0","tintindex":0},"west":{"uv":[0.0,0.0,0.0,2.0],"rotation":0,"texture":"#0","tintindex":0},"up":{"uv":[2.5,0.0,0.0,0.0],"rotation":0,"texture":"#0","tintindex":0},"down":{"uv":[2.5,0.0,0.0,0.0],"rotation":0,"texture":"#0","tintindex":0}}}],"display":{"head":{"translation":[0.0,-6.4,0.0],"scale":[4.0,4.0,4.0]}}}