{"textures":{"0":"modelengine:entity/turkeybot"},"elements":[{"from":[2.256998,15.366306,14.920983],"to":[13.68557,24.509165,14.920983],"rotation":{"angle":22.5,"axis":"x","origin":[7.9712844,19.937737,14.920983]},"faces":{"east":{"uv":[0.0,0.0,0.0,2.0],"rotation":0,"texture":"#0","tintindex":0},"south":{"uv":[2.5,2.625,0.0,4.625],"rotation":0,"texture":"#0","tintindex":0},"north":{"uv":[0.0,2.625,2.5,4.625],"rotation":0,"texture":"#0","tintindex":0},"west":{"uv":[0.0,0.0,0.0,2.0],"rotation":0,"texture":"#0","tintindex":0},"up":{"uv":[2.5,0.0,0.0,0.0],"rotation":0,"texture":"#0","tintindex":0},"down":{"uv":[2.5,0.0,0.0,0.0],"rotation":0,"texture":"#0","tintindex":0}}},{"from":[2.256998,3.7142854,1.7430015],"to":[13.68557,12.857143,7.4572873],"rotation":{"angle":0.0,"axis":"y","origin":[7.3998556,-4.8571434,6.8858585]},"faces":{"east":{"uv":[4.25,8.625,5.5,10.625],"rotation":0,"texture":"#0","tintindex":0},"south":{"uv":[5.0,2.0,7.5,4.0],"rotation":0,"texture":"#0","tintindex":0},"north":{"uv":[5.0,0.0,7.5,2.0],"rotation":0,"texture":"#0","tintindex":0},"west":{"uv":[9.125,3.875,10.375,5.875],"rotation":0,"texture":"#0","tintindex":0},"up":{"uv":[10.0,3.875,7.5,2.625],"rotation":0,"texture":"#0","tintindex":0},"down":{"uv":[10.0,8.5,7.5,9.75],"rotation":0,"texture":"#0","tintindex":0}}},{"from":[-0.60014534,14.571428,0.6001444],"to":[3.3998551,18.57143,6.3144298],"rotation":{"angle":0.0,"axis":"y","origin":[6.2569985,-4.8571434,7.4572873]},"faces":{"east":{"uv":[9.875,11.125,11.125,12.0],"rotation":0,"texture":"#0","tintindex":0},"south":{"uv":[3.25,11.875,4.125,12.75],"rotation":0,"texture":"#0","tintindex":0},"north":{"uv":[7.75,11.75,8.625,12.625],"rotation":0,"texture":"#0","tintindex":0},"west":{"uv":[11.125,11.125,12.375,12.0],"rotation":0,"texture":"#0","tintindex":0},"up":{"uv":[0.875,12.5,0.0,11.25],"rotation":0,"texture":"#0","tintindex":0},"down":{"uv":[12.125,2.5,11.25,3.75],"rotation":0,"texture":"#0","tintindex":0}}},{"from":[2.8284268,12.285715,2.8858585],"to":[3.971284,15.142858,5.743001],"rotation":{"angle":22.5,"axis":"z","origin":[3.3998551,13.714286,4.3144298]},"faces":{"east":{"uv":[6.75,11.125,7.375,11.75],"rotation":0,"texture":"#0","tintindex":0},"south":{"uv":[3.5,12.75,3.75,13.375],"rotation":0,"texture":"#0","tintindex":0},"north":{"uv":[3.25,12.75,3.5,13.375],"rotation":0,"texture":"#0","tintindex":0},"west":{"uv":[12.375,10.75,13.0,11.375],"rotation":0,"texture":"#0","tintindex":0},"up":{"uv":[4.0,13.375,3.75,12.75],"rotation":0,"texture":"#0","tintindex":0},"down":{"uv":[4.25,12.75,4.0,13.375],"rotation":0,"texture":"#0","tintindex":0}}},{"from":[12.542713,14.571428,0.6001444],"to":[16.542713,18.57143,6.3144298],"rotation":{"angle":0.0,"axis":"y","origin":[9.68557,-4.8571434,7.4572873]},"faces":{"east":{"uv":[12.375,11.125,11.125,12.0],"rotation":0,"texture":"#0","tintindex":0},"south":{"uv":[4.125,11.875,3.25,12.75],"rotation":0,"texture":"#0","tintindex":0},"north":{"uv":[8.625,11.75,7.75,12.625],"rotation":0,"texture":"#0","tintindex":0},"west":{"uv":[11.125,11.125,9.875,12.0],"rotation":0,"texture":"#0","tintindex":0},"up":{"uv":[0.0,12.5,0.875,11.25],"rotation":0,"texture":"#0","tintindex":0},"down":{"uv":[11.25,2.5,12.125,3.75],"rotation":0,"texture":"#0","tintindex":0}}},{"from":[11.971285,12.285715,2.8858585],"to":[13.114141,15.142858,5.743001],"rotation":{"angle":-22.5,"axis":"z","origin":[12.542713,13.714286,4.3144298]},"faces":{"east":{"uv":[13.0,10.75,12.375,11.375],"rotation":0,"texture":"#0","tintindex":0},"south":{"uv":[3.75,12.75,3.5,13.375],"rotation":0,"texture":"#0","tintindex":0},"north":{"uv":[3.5,12.75,3.25,13.375],"rotation":0,"texture":"#0","tintindex":0},"west":{"uv":[7.375,11.125,6.75,11.75],"rotation":0,"texture":"#0","tintindex":0},"up":{"uv":[3.75,13.375,4.0,12.75],"rotation":0,"texture":"#0","tintindex":0},"down":{"uv":[4.0,12.75,4.25,13.375],"rotation":0,"texture":"#0","tintindex":0}}},{"from":[2.8284268,1.9999995,-2.256999],"to":[13.114141,11.142858,3.4572868],"rotation":{"angle":-22.5,"axis":"x","origin":[7.9712844,8.285714,-0.8284273]},"faces":{"east":{"uv":[0.0,9.25,1.25,11.25],"rotation":0,"texture":"#0","tintindex":0},"south":{"uv":[4.0,6.625,6.25,8.625],"rotation":0,"texture":"#0","tintindex":0},"north":{"uv":[1.75,6.625,4.0,8.625],"rotation":0,"texture":"#0","tintindex":0},"west":{"uv":[7.5,9.75,8.75,11.75],"rotation":0,"texture":"#0","tintindex":0},"up":{"uv":[10.875,8.375,8.625,7.125],"rotation":0,"texture":"#0","tintindex":0},"down":{"uv":[11.0,0.0,8.75,1.25],"rotation":0,"texture":"#0","tintindex":0}}},{"from":[2.256998,3.7142854,7.4572873],"to":[13.68557,15.714286,13.171574],"rotation":{"angle":0.0,"axis":"y","origin":[7.3998556,-4.8571434,6.8858585]},"faces":{"east":{"uv":[7.5,0.0,8.75,2.625],"rotation":0,"texture":"#0","tintindex":0},"south":{"uv":[2.5,0.0,5.0,2.625],"rotation":0,"texture":"#0","tintindex":0},"north":{"uv":[0.0,0.0,2.5,2.625],"rotation":0,"texture":"#0","tintindex":0},"west":{"uv":[6.25,8.5,7.5,11.125],"rotation":0,"texture":"#0","tintindex":0},"up":{"uv":[4.25,9.875,1.75,8.625],"rotation":0,"texture":"#0","tintindex":0},"down":{"uv":[11.125,5.875,8.625,7.125],"rotation":0,"texture":"#0","tintindex":0}}},{"from":[-4.5714293,3.7142854,16.0],"to":[3.4285712,15.714286,16.0],"rotation":{"angle":45.0,"axis":"y","origin":[-0.57142925,9.714286,16.0]},"faces":{"east":{"uv":[0.0,0.0,0.0,2.625],"rotation":0,"texture":"#0","tintindex":0},"south":{"uv":[6.75,4.0,5.0,6.625],"rotation":0,"texture":"#0","tintindex":0},"north":{"uv":[5.0,4.0,6.75,6.625],"rotation":0,"texture":"#0","tintindex":0},"west":{"uv":[0.0,0.0,0.0,2.625],"rotation":0,"texture":"#0","tintindex":0},"up":{"uv":[1.75,0.0,0.0,0.0],"rotation":0,"texture":"#0","tintindex":0},"down":{"uv":[1.75,0.0,0.0,0.0],"rotation":0,"texture":"#0","tintindex":0}}},{"from":[12.513998,3.7142854,16.0],"to":[20.513996,15.714286,16.0],"rotation":{"angle":-45.0,"axis":"y","origin":[16.513998,9.714286,16.0]},"faces":{"east":{"uv":[0.0,0.0,0.0,2.625],"rotation":0,"texture":"#0","tintindex":0},"south":{"uv":[5.0,4.0,6.75,6.625],"rotation":0,"texture":"#0","tintindex":0},"north":{"uv":[6.75,4.0,5.0,6.625],"rotation":0,"texture":"#0","tintindex":0},"west":{"uv":[0.0,0.0,0.0,2.625],"rotation":0,"texture":"#0","tintindex":0},"up":{"uv":[0.0,0.0,1.75,0.0],"rotation":0,"texture":"#0","tintindex":0},"down":{"uv":[0.0,0.0,1.75,0.0],"rotation":0,"texture":"#0","tintindex":0}}}],"display":{"head":{"translation":[0.0,-6.4,0.0],"scale":[4.0,4.0,4.0]}}}