{
	"credit": "Made by samus2002",
	"texture_size": [64, 64],
	"textures": {
		"1": "easter_pets:easter_pet_texture/pet_bunny",
		"particle": "easter_pets:easter_pet_texture/pet_bunny"
	},
	"elements": [
		{
			"from": [3.5, 3.28048, 2.97227],
			"to": [12.5, 12.28048, 13.97227],
			"rotation": {"angle": 0, "axis": "y", "origin": [8, 8, 8]},
			"faces": {
				"north": {"uv": [0, 5, 2.25, 7.25], "texture": "#1"},
				"east": {"uv": [0, 0, 2.75, 2.25], "texture": "#1"},
				"south": {"uv": [5.5, 0, 7.75, 2.25], "texture": "#1"},
				"west": {"uv": [0, 2.5, 2.75, 4.75], "texture": "#1"},
				"up": {"uv": [5.25, 2.75, 3, 0], "texture": "#1"},
				"down": {"uv": [5.25, 3, 3, 5.75], "texture": "#1"}
			}
		},
		{
			"from": [2.5, -0.74452, 1.97227],
			"to": [13.5, 3.25548, 1.97227],
			"rotation": {"angle": 0, "axis": "y", "origin": [8, 8, 8]},
			"faces": {
				"north": {"uv": [8, 0, 10.75, 1], "texture": "#1"},
				"east": {"uv": [2, 7.5, 2, 8.5], "texture": "#1"},
				"south": {"uv": [10.75, 0, 8, 1], "texture": "#1"},
				"west": {"uv": [2.25, 7.5, 2.25, 8.5], "texture": "#1"},
				"up": {"uv": [14.25, 8, 11.5, 8], "texture": "#1"},
				"down": {"uv": [14.25, 8.25, 11.5, 8.25], "texture": "#1"}
			}
		},
		{
			"from": [5.20582, 11.83628, 7.47227],
			"to": [8.20582, 19.83628, 8.47227],
			"rotation": {"angle": 22.5, "axis": "z", "origin": [8, 8, 8]},
			"faces": {
				"north": {"uv": [0, 7.5, 0.75, 9.5], "texture": "#1"},
				"east": {"uv": [9, 10.5, 9.25, 12.5], "texture": "#1"},
				"south": {"uv": [1, 7.5, 1.75, 9.5], "texture": "#1"},
				"west": {"uv": [10.5, 11, 10.75, 13], "texture": "#1"},
				"up": {"uv": [11.75, 2.25, 11, 2], "texture": "#1"},
				"down": {"uv": [11.75, 7.5, 11, 7.75], "texture": "#1"}
			}
		},
		{
			"from": [6, 10.29269, 9.73181],
			"to": [10, 14.29269, 14.73181],
			"rotation": {"angle": 45, "axis": "x", "origin": [8, 8, 8]},
			"faces": {
				"north": {"uv": [9.5, 2.5, 10.5, 3.5], "texture": "#1"},
				"east": {"uv": [4, 8.75, 5.25, 9.75], "texture": "#1"},
				"south": {"uv": [9.5, 3.75, 10.5, 4.75], "texture": "#1"},
				"west": {"uv": [5.5, 9, 6.75, 10], "texture": "#1"},
				"up": {"uv": [8, 10.25, 7, 9], "texture": "#1"},
				"down": {"uv": [9.25, 9, 8.25, 10.25], "texture": "#1"}
			}
		},
		{
			"from": [3.5, 10.03062, 1.71692],
			"to": [12.5, 15.03062, 1.71692],
			"rotation": {"angle": 22.5, "axis": "x", "origin": [8, 8, 8]},
			"faces": {
				"north": {"uv": [7, 2.5, 9.25, 3.75], "texture": "#1"},
				"east": {"uv": [8.5, 11.5, 8.5, 12.75], "texture": "#1"},
				"south": {"uv": [9.25, 2.5, 7, 3.75], "texture": "#1"},
				"west": {"uv": [8.75, 11.5, 8.75, 12.75], "texture": "#1"},
				"up": {"uv": [13.75, 8.75, 11.5, 8.75], "texture": "#1"},
				"down": {"uv": [13.75, 9, 11.5, 9], "texture": "#1"}
			}
		},
		{
			"from": [2.5, 3.25548, 1.97227],
			"to": [13.5, 7.25548, 4.97227],
			"rotation": {"angle": 0, "axis": "y", "origin": [8, 8, 8]},
			"faces": {
				"north": {"uv": [7, 5.5, 9.75, 6.5], "texture": "#1"},
				"east": {"uv": [9.5, 9, 10.25, 10], "texture": "#1"},
				"south": {"uv": [7, 6.75, 9.75, 7.75], "texture": "#1"},
				"west": {"uv": [0, 9.75, 0.75, 10.75], "texture": "#1"},
				"up": {"uv": [8.25, 8.75, 5.5, 8], "texture": "#1"},
				"down": {"uv": [11.25, 8, 8.5, 8.75], "texture": "#1"}
			}
		},
		{
			"from": [7.79418, 11.83628, 7.47227],
			"to": [10.79418, 19.83628, 8.47227],
			"rotation": {"angle": -22.5, "axis": "z", "origin": [8, 8, 8]},
			"faces": {
				"north": {"uv": [0.75, 7.5, 0, 9.5], "texture": "#1"},
				"east": {"uv": [10.75, 11, 10.5, 13], "texture": "#1"},
				"south": {"uv": [1.75, 7.5, 1, 9.5], "texture": "#1"},
				"west": {"uv": [9.25, 10.5, 9, 12.5], "texture": "#1"},
				"up": {"uv": [11, 2.25, 11.75, 2], "texture": "#1"},
				"down": {"uv": [11, 7.5, 11.75, 7.75], "texture": "#1"}
			}
		}
	],
	"gui_light": "front",
	"display": {
		"gui": {
			"rotation": [0, 180, 0],
			"translation": [0, -2.25, 0],
			"scale": [0.8, 0.8, 0.8]
		}
	}
}