{
    "providers": [
        {
            "type": "bitmap",
            "file": "minecraft:ranks/owner.png",
            "ascent": 8,
            "height": 9,
            "chars": [""]
        },
        {
            "type": "bitmap",
            "file": "minecraft:ranks/manager.png",
            "ascent": 8,
            "height": 9,
            "chars": [""]
        },
        {
            "type": "bitmap",
            "file": "minecraft:ranks/dev.png",
            "ascent": 8,
            "height": 9,
            "chars": [""]
        },
        {
            "type": "bitmap",
            "file": "minecraft:ranks/admin.png",
            "ascent": 8,
            "height": 9,
            "chars": [""]
        },
        {
            "type": "bitmap",
            "file": "minecraft:ranks/srmod.png",
            "ascent": 8,
            "height": 9,
            "chars": [""]
        },
        {
            "type": "bitmap",
            "file": "minecraft:ranks/mod.png",
            "ascent": 8,
            "height": 9,
            "chars": [""]
        },
        {
            "type": "bitmap",
            "file": "minecraft:ranks/helper.png",
            "ascent": 8,
            "height": 9,
            "chars": [""]
        },
        {
            "type": "bitmap",
            "file": "minecraft:ranks/warden.png",
            "ascent": 8,
            "height": 9,
            "chars": [""]
        },
        {
            "type": "bitmap",
            "file": "minecraft:ranks/custom.png",
            "ascent": 8,
            "height": 9,
            "chars": [""]
        },
        {
            "type": "bitmap",
            "file": "minecraft:ranks/infinity.png",
            "ascent": 8,
            "height": 9,
            "chars": [""]
        },
        {
            "type": "bitmap",
            "file": "minecraft:ranks/s.png",
            "ascent": 8,
            "height": 9,
            "chars": [""]
        },
        {
            "type": "bitmap",
            "file": "minecraft:ranks/elite.png",
            "ascent": 8,
            "height": 9,
            "chars": [""]
        },
        {
            "type": "bitmap",
            "file": "minecraft:ranks/mvp.png",
            "ascent": 8,
            "height": 9,
            "chars": [""]
        },
        {
            "type": "bitmap",
            "file": "minecraft:ranks/hero.png",
            "ascent": 8,
            "height": 9,
            "chars": [""]
        },
        {
            "type": "bitmap",
            "file": "minecraft:ranks/vip.png",
            "ascent": 8,
            "height": 9,
            "chars": [""]
        },
        {
            "type": "bitmap",
            "file": "minecraft:ranks/player.png",
            "ascent": 8,
            "height": 9,
            "chars": [""]
        },
        {
            "type": "bitmap",
            "file": "minecraft:ranks/media.png",
            "ascent": 8,
            "height": 9,
            "chars": [""]
        },
        {
            "type": "bitmap",
            "file": "minecraft:ranks/void.png",
            "ascent": 8,
            "height": 9,
            "chars": ["Ɣ"]
        }
    ]
}