{"textures":{"0":"modelengine:entity/pet_blaze_chick"},"elements":[{"from":[7.428571,6.857143,7.5714283],"to":[8.571428,8.0,8.714286],"rotation":{"angle":0.0,"axis":"y","origin":[8.0,7.428571,8.142858]},"faces":{"east":{"uv":[0.5,9.25,1.0,9.75],"rotation":0,"texture":"#0","tintindex":0},"south":{"uv":[9.25,0.75,9.75,1.25],"rotation":0,"texture":"#0","tintindex":0},"north":{"uv":[9.25,0.0,9.75,0.5],"rotation":0,"texture":"#0","tintindex":0},"west":{"uv":[9.25,1.5,9.75,2.0],"rotation":0,"texture":"#0","tintindex":0},"up":{"uv":[9.75,2.75,9.25,2.25],"rotation":0,"texture":"#0","tintindex":0},"down":{"uv":[9.75,3.0,9.25,3.5],"rotation":0,"texture":"#0","tintindex":0}}},{"from":[6.5714283,6.857143,6.142857],"to":[10.0,6.857143,9.571428],"rotation":{"angle":0.0,"axis":"y","origin":[8.285714,6.857143,7.857143]},"faces":{"east":{"uv":[9.75,4.75,11.25,4.75],"rotation":0,"texture":"#0","tintindex":0},"south":{"uv":[9.75,5.0,11.25,5.0],"rotation":0,"texture":"#0","tintindex":0},"north":{"uv":[4.25,9.75,5.75,9.75],"rotation":0,"texture":"#0","tintindex":0},"west":{"uv":[9.75,5.25,11.25,5.25],"rotation":0,"texture":"#0","tintindex":0},"up":{"uv":[1.5,9.0,0.0,7.5],"rotation":0,"texture":"#0","tintindex":0},"down":{"uv":[1.5,7.5,0.0,9.0],"rotation":0,"texture":"#0","tintindex":0}}}],"display":{"head":{"translation":[0.0,-6.4,0.0],"scale":[4.0,4.0,4.0]}}}