{"textures":{"0":"modelengine:entity/pet_blaze_chick"},"elements":[{"from":[7.250102,5.4080157,6.857143],"to":[7.8215303,8.265159,9.142858],"rotation":{"angle":-22.5,"axis":"z","origin":[7.535816,6.8365874,8.0]},"faces":{"east":{"uv":[1.75,7.5,2.75,8.75],"rotation":0,"texture":"#0","tintindex":0},"south":{"uv":[8.5,6.25,8.75,7.5],"rotation":0,"texture":"#0","tintindex":0},"north":{"uv":[8.5,4.75,8.75,6.0],"rotation":0,"texture":"#0","tintindex":0},"west":{"uv":[7.5,1.75,8.5,3.0],"rotation":0,"texture":"#0","tintindex":0},"up":{"uv":[3.5,10.0,3.25,9.0],"rotation":0,"texture":"#0","tintindex":0},"down":{"uv":[4.0,9.0,3.75,10.0],"rotation":0,"texture":"#0","tintindex":0}}}],"display":{"head":{"translation":[0.0,-6.4,0.0],"scale":[4.0,4.0,4.0]}}}