{"textures":{"0":"modelengine:entity/turkeybot_baby"},"elements":[{"from":[7.142857,7.857143,6.857143],"to":[8.857143,9.0,8.571428],"rotation":{"angle":0.0,"axis":"y","origin":[8.0,6.857143,7.5714283]},"faces":{"east":{"uv":[12.5,1.0,14.0,2.0],"rotation":0,"texture":"#0","tintindex":0},"south":{"uv":[12.5,2.0,14.0,3.0],"rotation":0,"texture":"#0","tintindex":0},"north":{"uv":[12.5,0.0,14.0,1.0],"rotation":0,"texture":"#0","tintindex":0},"west":{"uv":[3.0,12.5,4.5,13.5],"rotation":0,"texture":"#0","tintindex":0},"up":{"uv":[3.0,13.0,1.5,11.5],"rotation":0,"texture":"#0","tintindex":0},"down":{"uv":[6.0,11.5,4.5,13.0],"rotation":0,"texture":"#0","tintindex":0}}},{"from":[8.142858,6.857143,6.285714],"to":[8.714286,8.857143,6.857143],"rotation":{"angle":0.0,"axis":"y","origin":[8.0,6.857143,7.5714283]},"faces":{"east":{"uv":[13.0,13.0,13.5,15.0],"rotation":0,"texture":"#0","tintindex":0},"south":{"uv":[3.0,13.5,3.5,15.5],"rotation":0,"texture":"#0","tintindex":0},"north":{"uv":[5.5,13.0,6.0,15.0],"rotation":0,"texture":"#0","tintindex":0},"west":{"uv":[3.5,13.5,4.0,15.5],"rotation":0,"texture":"#0","tintindex":0},"up":{"uv":[14.5,1.5,14.0,1.0],"rotation":0,"texture":"#0","tintindex":0},"down":{"uv":[2.0,14.0,1.5,14.5],"rotation":0,"texture":"#0","tintindex":0}}},{"from":[7.428571,7.857143,5.714286],"to":[8.571428,8.714286,6.857143],"rotation":{"angle":0.0,"axis":"y","origin":[8.0,6.857143,7.5714283]},"faces":{"east":{"uv":[13.0,8.0,14.0,9.0],"rotation":0,"texture":"#0","tintindex":0},"south":{"uv":[13.0,10.0,14.0,11.0],"rotation":0,"texture":"#0","tintindex":0},"north":{"uv":[13.0,7.0,14.0,8.0],"rotation":0,"texture":"#0","tintindex":0},"west":{"uv":[13.0,11.0,14.0,12.0],"rotation":0,"texture":"#0","tintindex":0},"up":{"uv":[13.0,14.0,12.0,13.0],"rotation":0,"texture":"#0","tintindex":0},"down":{"uv":[14.0,12.0,13.0,13.0],"rotation":0,"texture":"#0","tintindex":0}}}],"display":{"head":{"translation":[0.0,-6.4,0.0],"scale":[4.0,4.0,4.0]}}}