{"textures":{"0":"modelengine:entity/pet_bunny"},"elements":[{"from":[6.285714,7.5714283,7.714286],"to":[8.0,12.142858,8.285714],"rotation":{"angle":22.5,"axis":"z","origin":[7.142857,9.857143,8.0]},"faces":{"east":{"uv":[9.0,10.5,9.25,12.5],"rotation":0,"texture":"#0","tintindex":0},"south":{"uv":[1.0,7.5,1.75,9.5],"rotation":0,"texture":"#0","tintindex":0},"north":{"uv":[0.0,7.5,0.75,9.5],"rotation":0,"texture":"#0","tintindex":0},"west":{"uv":[10.5,11.0,10.75,13.0],"rotation":0,"texture":"#0","tintindex":0},"up":{"uv":[11.75,2.25,11.0,2.0],"rotation":0,"texture":"#0","tintindex":0},"down":{"uv":[11.75,7.5,11.0,7.75],"rotation":0,"texture":"#0","tintindex":0}}}],"display":{"head":{"translation":[0.0,-6.4,0.0],"scale":[4.0,4.0,4.0]}}}