{"textures":{"0":"modelengine:entity/pet_chick"},"elements":[{"from":[5.428571,5.8954315,5.1882887],"to":[10.571428,11.038288,10.331146],"rotation":{"angle":0.0,"axis":"y","origin":[8.0,8.46686,7.759717]},"faces":{"east":{"uv":[0.0,2.5,2.25,4.75],"rotation":0,"texture":"#0","tintindex":0},"south":{"uv":[2.5,0.0,4.75,2.25],"rotation":0,"texture":"#0","tintindex":0},"north":{"uv":[0.0,0.0,2.25,2.25],"rotation":0,"texture":"#0","tintindex":0},"west":{"uv":[2.5,2.5,4.75,4.75],"rotation":0,"texture":"#0","tintindex":0},"up":{"uv":[2.25,7.25,0.0,5.0],"rotation":0,"texture":"#0","tintindex":0},"down":{"uv":[7.25,0.0,5.0,2.25],"rotation":0,"texture":"#0","tintindex":0}}},{"from":[7.428571,8.76686,4.61686],"to":[8.571428,9.338288,5.759717],"rotation":{"angle":0.0,"axis":"y","origin":[8.0,9.052574,5.1882887]},"faces":{"east":{"uv":[4.25,9.25,4.75,9.5],"rotation":0,"texture":"#0","tintindex":0},"south":{"uv":[9.25,4.25,9.75,4.5],"rotation":0,"texture":"#0","tintindex":0},"north":{"uv":[9.25,3.75,9.75,4.0],"rotation":0,"texture":"#0","tintindex":0},"west":{"uv":[5.0,9.25,5.5,9.5],"rotation":0,"texture":"#0","tintindex":0},"up":{"uv":[2.25,9.5,1.75,9.0],"rotation":0,"texture":"#0","tintindex":0},"down":{"uv":[3.0,9.0,2.5,9.5],"rotation":0,"texture":"#0","tintindex":0}}},{"from":[7.428571,8.195432,4.61686],"to":[8.571428,8.76686,5.759717],"rotation":{"angle":0.0,"axis":"y","origin":[8.0,8.481146,5.1882887]},"faces":{"east":{"uv":[6.5,9.25,7.0,9.5],"rotation":0,"texture":"#0","tintindex":0},"south":{"uv":[7.25,9.25,7.75,9.5],"rotation":0,"texture":"#0","tintindex":0},"north":{"uv":[5.75,9.25,6.25,9.5],"rotation":0,"texture":"#0","tintindex":0},"west":{"uv":[9.25,7.5,9.75,7.75],"rotation":0,"texture":"#0","tintindex":0},"up":{"uv":[9.5,5.25,9.0,4.75],"rotation":0,"texture":"#0","tintindex":0},"down":{"uv":[9.5,5.5,9.0,6.0],"rotation":0,"texture":"#0","tintindex":0}}},{"from":[5.428571,10.285134,7.006563],"to":[10.571428,15.427992,7.006563],"rotation":{"angle":45.0,"axis":"x","origin":[8.0,12.856564,7.006563]},"faces":{"east":{"uv":[1.25,9.25,1.25,11.5],"rotation":0,"texture":"#0","tintindex":0},"south":{"uv":[5.0,2.5,7.25,4.75],"rotation":0,"texture":"#0","tintindex":0},"north":{"uv":[2.5,5.0,4.75,7.25],"rotation":0,"texture":"#0","tintindex":0},"west":{"uv":[1.5,9.25,1.5,11.5],"rotation":0,"texture":"#0","tintindex":0},"up":{"uv":[10.25,9.25,8.0,9.25],"rotation":0,"texture":"#0","tintindex":0},"down":{"uv":[11.5,8.0,9.25,8.0],"rotation":0,"texture":"#0","tintindex":0}}}],"display":{"head":{"translation":[0.0,-6.4,0.0],"scale":[4.0,4.0,4.0]}}}