{"textures":{"0":"modelengine:entity/pet_chick"},"elements":[{"from":[8.17847,5.4080157,6.857143],"to":[8.749898,8.265159,9.142858],"rotation":{"angle":22.5,"axis":"z","origin":[8.464184,6.8365874,8.0]},"faces":{"east":{"uv":[8.5,1.75,7.5,3.0],"rotation":0,"texture":"#0","tintindex":0},"south":{"uv":[8.75,6.25,8.5,7.5],"rotation":0,"texture":"#0","tintindex":0},"north":{"uv":[8.75,4.75,8.5,6.0],"rotation":0,"texture":"#0","tintindex":0},"west":{"uv":[2.75,7.5,1.75,8.75],"rotation":0,"texture":"#0","tintindex":0},"up":{"uv":[3.25,10.0,3.5,9.0],"rotation":0,"texture":"#0","tintindex":0},"down":{"uv":[3.75,9.0,4.0,10.0],"rotation":0,"texture":"#0","tintindex":0}}}],"display":{"head":{"translation":[0.0,-6.4,0.0],"scale":[4.0,4.0,4.0]}}}