{
	"credit": "Made by samus2002",
	"texture_size": [32, 32],
	"textures": {
		"0": "easter_pets:easter_pet_texture/projectile_fire_egg",
		"particle": "easter_pets:easter_pet_texture/projectile_fire_egg"
	},
	"elements": [
		{
			"from": [3.5, 3.5, 3.5],
			"to": [12.5, 10.5, 12.5],
			"rotation": {"angle": 0, "axis": "y", "origin": [8, 8, 8]},
			"faces": {
				"north": {"uv": [5, 0, 9.5, 3.5], "texture": "#0"},
				"east": {"uv": [5, 4, 9.5, 7.5], "texture": "#0"},
				"south": {"uv": [5, 8, 9.5, 11.5], "texture": "#0"},
				"west": {"uv": [0, 10, 4.5, 13.5], "texture": "#0"},
				"up": {"uv": [4.5, 4.5, 0, 0], "texture": "#0"},
				"down": {"uv": [4.5, 5, 0, 9.5], "texture": "#0"}
			}
		},
		{
			"from": [4.5, 10.5, 4.5],
			"to": [11.5, 14.5, 11.5],
			"rotation": {"angle": 0, "axis": "y", "origin": [8, 8, 8]},
			"faces": {
				"north": {"uv": [10, 8, 13.5, 10], "texture": "#0"},
				"east": {"uv": [10, 10.5, 13.5, 12.5], "texture": "#0"},
				"south": {"uv": [5, 12, 8.5, 14], "texture": "#0"},
				"west": {"uv": [9, 13, 12.5, 15], "texture": "#0"},
				"up": {"uv": [13.5, 3.5, 10, 0], "texture": "#0"},
				"down": {"uv": [13.5, 4, 10, 7.5], "texture": "#0"}
			}
		}
	],
	"display": {
		"head": {
			"translation": [0, -20, -0.25]
		}
	}
}